ID;Label;raid5-512-8_acc.pth
['RAID/train/raid5-fix//N_893.png'];0.0;0.015738122165203094
['RAID/train/raid5-fix//N_1047.png'];0.0;0.006128145381808281
['RAID/train/raid5-fix//P_68.png'];1.0;0.9996346235275269
['RAID/train/raid5-fix//N_19.png'];0.0;0.9726914763450623
['RAID/train/raid5-fix//N_1315.png'];0.0;0.01776484027504921
['RAID/train/raid5-fix//N_1182.png'];0.0;0.03914850577712059
['RAID/train/raid5-fix//P_152.png'];1.0;0.9832518100738525
['RAID/train/raid5-fix//N_1797.png'];0.0;0.013659603893756866
['RAID/train/raid5-fix//N_1026.png'];0.0;0.0008319783373735845
['RAID/train/raid5-fix//N_466.png'];0.0;0.8727149963378906
['RAID/train/raid5-fix//N_1392.png'];0.0;0.0006011336809024215
['RAID/train/raid5-fix//N_259.png'];0.0;0.9985513091087341
['RAID/train/raid5-fix//N_1549.png'];0.0;0.003622917691245675
['RAID/train/raid5-fix//N_982.png'];0.0;0.08685949444770813
['RAID/train/raid5-fix//P_590.png'];1.0;0.9523550271987915
['RAID/train/raid5-fix//N_1189.png'];0.0;0.03178311139345169
['RAID/train/raid5-fix//N_1361.png'];0.0;0.0704711377620697
['RAID/train/raid5-fix//N_1784.png'];0.0;0.0040516238659620285
['RAID/train/raid5-fix//N_1328.png'];0.0;0.004483980592340231
['RAID/train/raid5-fix//P_567.png'];1.0;0.9925665855407715
['RAID/train/raid5-fix//P_236.png'];1.0;0.999942421913147
['RAID/train/raid5-fix//N_1714.png'];0.0;0.03248690068721771
['RAID/train/raid5-fix//N_1709.png'];0.0;0.13540881872177124
['RAID/train/raid5-fix//N_970.png'];0.0;0.011528627946972847
['RAID/train/raid5-fix//N_1137.png'];0.0;0.03609693795442581
['RAID/train/raid5-fix//P_719.png'];1.0;0.9964678287506104
['RAID/train/raid5-fix//N_1702.png'];0.0;0.0030130050145089626
['RAID/train/raid5-fix//P_442.png'];1.0;0.8522189259529114
['RAID/train/raid5-fix//P_167.png'];1.0;0.9996877908706665
['RAID/train/raid5-fix//N_1028.png'];0.0;0.0030868102330714464
['RAID/train/raid5-fix//N_817.png'];0.0;0.0016596777131780982
['RAID/train/raid5-fix//N_848.png'];0.0;0.0014437063364312053
['RAID/train/raid5-fix//N_1208.png'];0.0;0.004803208634257317
['RAID/train/raid5-fix//N_1657.png'];0.0;0.005683831870555878
['RAID/train/raid5-fix//P_396.png'];1.0;0.9995239973068237
['RAID/train/raid5-fix//P_9.png'];1.0;0.9997817873954773
['RAID/train/raid5-fix//N_1568.png'];0.0;0.0003648312122095376
['RAID/train/raid5-fix//P_95.png'];1.0;0.4610358476638794
['RAID/train/raid5-fix//N_1511.png'];0.0;0.0029856935143470764
['RAID/train/raid5-fix//N_1629.png'];0.0;0.0034951395355165005
['RAID/train/raid5-fix//N_929.png'];0.0;0.0008842974784784019
['RAID/train/raid5-fix//P_627.png'];1.0;0.9967922568321228
['RAID/train/raid5-fix//N_870.png'];0.0;0.03356750309467316
['RAID/train/raid5-fix//N_1509.png'];0.0;0.0026393383741378784
['RAID/train/raid5-fix//N_836.png'];0.0;0.0026398003101348877
['RAID/train/raid5-fix//P_550.png'];1.0;0.9966592788696289
['RAID/train/raid5-fix//N_1530.png'];0.0;0.006665425840765238
['RAID/train/raid5-fix//N_1299.png'];0.0;0.000617170357145369
['RAID/train/raid5-fix//N_1484.png'];0.0;0.0009935995331034064
['RAID/train/raid5-fix//N_1374.png'];0.0;0.028241287916898727
['RAID/train/raid5-fix//N_1616.png'];0.0;0.0422578901052475
['RAID/train/raid5-fix//P_526.png'];1.0;0.9960609078407288
['RAID/train/raid5-fix//P_80.png'];1.0;0.9989449381828308
['RAID/train/raid5-fix//N_1272.png'];0.0;0.006120817270129919
['RAID/train/raid5-fix//N_1355.png'];0.0;0.0010162958642467856
['RAID/train/raid5-fix//P_391.png'];1.0;0.9471847414970398
['RAID/train/raid5-fix//P_581.png'];1.0;0.996224045753479
['RAID/train/raid5-fix//N_1508.png'];0.0;0.14223571121692657
['RAID/train/raid5-fix//N_1487.png'];0.0;0.020751923322677612
['RAID/train/raid5-fix//N_984.png'];0.0;0.0012008213670924306
['RAID/train/raid5-fix//N_487.png'];0.0;0.9948666095733643
['RAID/train/raid5-fix//P_769.png'];1.0;0.9927122592926025
['RAID/train/raid5-fix//N_1426.png'];0.0;0.0015515389386564493
['RAID/train/raid5-fix//P_377.png'];1.0;0.998408854007721
['RAID/train/raid5-fix//P_748.png'];1.0;0.9889963865280151
['RAID/train/raid5-fix//N_960.png'];0.0;0.013491127640008926
['RAID/train/raid5-fix//P_670.png'];1.0;0.9959206581115723
['RAID/train/raid5-fix//N_1808.png'];0.0;0.010447580367326736
['RAID/train/raid5-fix//P_731.png'];1.0;0.997596800327301
['RAID/train/raid5-fix//P_411.png'];1.0;0.9320504665374756
['RAID/train/raid5-fix//N_1866.png'];0.0;0.0008594613755121827
['RAID/train/raid5-fix//N_1839.png'];0.0;0.0009933353867381811
['RAID/train/raid5-fix//N_835.png'];0.0;0.008263016119599342
['RAID/train/raid5-fix//N_1770.png'];0.0;0.0013867405941709876
['RAID/train/raid5-fix//N_1623.png'];0.0;0.0017210460500791669
['RAID/train/raid5-fix//P_765.png'];1.0;0.9985669255256653
['RAID/train/raid5-fix//N_1662.png'];0.0;0.0004124016559217125
['RAID/train/raid5-fix//P_429.png'];1.0;0.9984242916107178
['RAID/train/raid5-fix//N_834.png'];0.0;0.007622061297297478
['RAID/train/raid5-fix//N_1612.png'];0.0;0.07203343510627747
['RAID/train/raid5-fix//N_1255.png'];0.0;0.02104809880256653
['RAID/train/raid5-fix//N_1675.png'];0.0;0.0027954583056271076
['RAID/train/raid5-fix//N_873.png'];0.0;0.014693827368319035
['RAID/train/raid5-fix//N_1459.png'];0.0;0.06139193847775459
['RAID/train/raid5-fix//N_1152.png'];0.0;0.004450025036931038
['RAID/train/raid5-fix//N_1351.png'];0.0;0.0064557502046227455
['RAID/train/raid5-fix//N_1040.png'];0.0;0.029973328113555908
['RAID/train/raid5-fix//N_985.png'];0.0;0.0007112062303349376
['RAID/train/raid5-fix//N_958.png'];0.0;0.008998214267194271
['RAID/train/raid5-fix//P_96.png'];1.0;0.9975239634513855
['RAID/train/raid5-fix//P_595.png'];1.0;0.8557151556015015
['RAID/train/raid5-fix//N_25.png'];0.0;0.9801737070083618
['RAID/train/raid5-fix//P_570.png'];1.0;0.9992251396179199
['RAID/train/raid5-fix//N_1632.png'];0.0;0.0012267126003280282
['RAID/train/raid5-fix//P_722.png'];1.0;0.9999994039535522
['RAID/train/raid5-fix//N_1183.png'];0.0;0.0013429097598418593
['RAID/train/raid5-fix//N_1150.png'];0.0;0.022550832480192184
['RAID/train/raid5-fix//P_434.png'];1.0;0.9933688044548035
['RAID/train/raid5-fix//N_1285.png'];0.0;0.0014284041244536638
['RAID/train/raid5-fix//N_932.png'];0.0;0.0020683803595602512
['RAID/train/raid5-fix//P_384.png'];1.0;0.9977611303329468
['RAID/train/raid5-fix//P_318.png'];1.0;0.9465371370315552
['RAID/train/raid5-fix//N_1618.png'];0.0;0.00046078526065684855
['RAID/train/raid5-fix//N_1302.png'];0.0;0.00526267709210515
['RAID/train/raid5-fix//P_358.png'];1.0;0.9999964237213135
['RAID/train/raid5-fix//P_631.png'];1.0;0.9997988343238831
['RAID/train/raid5-fix//N_1542.png'];0.0;0.004260431043803692
['RAID/train/raid5-fix//N_355.png'];0.0;0.9526996612548828
['RAID/train/raid5-fix//N_1820.png'];0.0;0.017963526770472527
['RAID/train/raid5-fix//N_515.png'];0.0;0.8648400902748108
['RAID/train/raid5-fix//N_1506.png'];0.0;0.021530881524086
['RAID/train/raid5-fix//N_1430.png'];0.0;0.05426608771085739
['RAID/train/raid5-fix//N_1674.png'];0.0;0.003286017570644617
['RAID/train/raid5-fix//P_324.png'];1.0;0.9997031092643738
['RAID/train/raid5-fix//N_987.png'];0.0;0.027580363675951958
['RAID/train/raid5-fix//N_717.png'];0.0;0.9981105327606201
['RAID/train/raid5-fix//N_1744.png'];0.0;0.019119998440146446
['RAID/train/raid5-fix//N_1805.png'];0.0;0.013337516225874424
['RAID/train/raid5-fix//P_715.png'];1.0;0.9999610185623169
['RAID/train/raid5-fix//N_1733.png'];0.0;0.0016886313678696752
['RAID/train/raid5-fix//N_1837.png'];0.0;0.015054241754114628
['RAID/train/raid5-fix//P_311.png'];1.0;0.9300913214683533
['RAID/train/raid5-fix//P_419.png'];1.0;0.9909831285476685
['RAID/train/raid5-fix//P_372.png'];1.0;0.9880890250205994
['RAID/train/raid5-fix//N_1170.png'];0.0;0.01825171895325184
['RAID/train/raid5-fix//P_437.png'];1.0;0.9935604333877563
['RAID/train/raid5-fix//N_1354.png'];0.0;0.017009522765874863
['RAID/train/raid5-fix//P_356.png'];1.0;0.9809947609901428
['RAID/train/raid5-fix//N_1404.png'];0.0;0.06296634674072266
['RAID/train/raid5-fix//N_894.png'];0.0;0.0108162397518754
['RAID/train/raid5-fix//N_1564.png'];0.0;0.0011480547254905105
['RAID/train/raid5-fix//N_1824.png'];0.0;0.0016947572585195303
['RAID/train/raid5-fix//N_382.png'];0.0;0.993571400642395
['RAID/train/raid5-fix//N_1389.png'];0.0;0.029437219724059105
['RAID/train/raid5-fix//N_1786.png'];0.0;0.0011420072987675667
['RAID/train/raid5-fix//P_497.png'];1.0;0.9625139236450195
['RAID/train/raid5-fix//N_1665.png'];0.0;0.008895142935216427
['RAID/train/raid5-fix//N_1699.png'];0.0;0.014769301749765873
['RAID/train/raid5-fix//N_1448.png'];0.0;0.006627493072301149
['RAID/train/raid5-fix//P_630.png'];1.0;0.998601496219635
['RAID/train/raid5-fix//N_1088.png'];0.0;0.0004416468145791441
['RAID/train/raid5-fix//P_620.png'];1.0;0.5256935358047485
['RAID/train/raid5-fix//N_939.png'];0.0;0.12143871933221817
['RAID/train/raid5-fix//N_1431.png'];0.0;0.0029411062132567167
['RAID/train/raid5-fix//N_973.png'];0.0;0.028270255774259567
['RAID/train/raid5-fix//N_1096.png'];0.0;0.013229741714894772
['RAID/train/raid5-fix//P_793.png'];1.0;0.9996960163116455
['RAID/train/raid5-fix//P_123.png'];1.0;0.9990378618240356
['RAID/train/raid5-fix//N_941.png'];0.0;0.026466429233551025
['RAID/train/raid5-fix//N_1562.png'];0.0;0.044397905468940735
['RAID/train/raid5-fix//P_499.png'];1.0;0.9950708150863647
['RAID/train/raid5-fix//N_1202.png'];0.0;2.5904906578944065e-05
['RAID/train/raid5-fix//N_1313.png'];0.0;0.001494631520472467
['RAID/train/raid5-fix//N_1171.png'];0.0;0.025851262733340263
['RAID/train/raid5-fix//N_1017.png'];0.0;0.1315786987543106
['RAID/train/raid5-fix//P_527.png'];1.0;0.9995588660240173
['RAID/train/raid5-fix//N_1546.png'];0.0;0.00040597919723950326
['RAID/train/raid5-fix//N_1527.png'];0.0;0.0009640225907787681
['RAID/train/raid5-fix//N_1830.png'];0.0;0.021911021322011948
['RAID/train/raid5-fix//P_413.png'];1.0;0.4997851550579071
['RAID/train/raid5-fix//P_701.png'];1.0;0.963118851184845
['RAID/train/raid5-fix//P_735.png'];1.0;0.9999232292175293
['RAID/train/raid5-fix//N_809.png'];0.0;0.08715976774692535
['RAID/train/raid5-fix//N_935.png'];0.0;0.015884969383478165
['RAID/train/raid5-fix//P_365.png'];1.0;0.9989567995071411
['RAID/train/raid5-fix//N_1725.png'];0.0;0.003812504932284355
['RAID/train/raid5-fix//P_605.png'];1.0;0.6461338400840759
['RAID/train/raid5-fix//N_1332.png'];0.0;0.21864843368530273
['RAID/train/raid5-fix//P_398.png'];1.0;0.9867790937423706
['RAID/train/raid5-fix//P_293.png'];1.0;0.9908968806266785
['RAID/train/raid5-fix//N_1258.png'];0.0;0.0007163503905758262
['RAID/train/raid5-fix//N_1456.png'];0.0;0.013718654401600361
['RAID/train/raid5-fix//N_1251.png'];0.0;0.0010403849883005023
['RAID/train/raid5-fix//N_1671.png'];0.0;0.007148942444473505
['RAID/train/raid5-fix//N_1257.png'];0.0;0.0023903364781290293
['RAID/train/raid5-fix//P_533.png'];1.0;0.9217865467071533
['RAID/train/raid5-fix//N_1672.png'];0.0;0.01504257321357727
['RAID/train/raid5-fix//P_789.png'];1.0;0.9997937083244324
['RAID/train/raid5-fix//P_206.png'];1.0;0.9994394183158875
['RAID/train/raid5-fix//N_830.png'];0.0;0.0008122299914248288
['RAID/train/raid5-fix//N_1729.png'];0.0;0.0028349426575005054
['RAID/train/raid5-fix//N_1521.png'];0.0;0.020877979695796967
['RAID/train/raid5-fix//P_585.png'];1.0;0.9844569563865662
['RAID/train/raid5-fix//N_1319.png'];0.0;0.02437487244606018
['RAID/train/raid5-fix//N_1698.png'];0.0;0.010435007512569427
['RAID/train/raid5-fix//N_110.png'];0.0;0.995317816734314
['RAID/train/raid5-fix//N_1051.png'];0.0;0.002683979459106922
['RAID/train/raid5-fix//P_332.png'];1.0;0.9988254904747009
['RAID/train/raid5-fix//P_343.png'];1.0;0.9892925024032593
['RAID/train/raid5-fix//N_1110.png'];0.0;0.09649049490690231
['RAID/train/raid5-fix//N_1292.png'];0.0;0.0036130112130194902
['RAID/train/raid5-fix//N_1528.png'];0.0;0.012174917384982109
['RAID/train/raid5-fix//N_1560.png'];0.0;0.0005782496882602572
['RAID/train/raid5-fix//P_476.png'];1.0;0.9989560842514038
['RAID/train/raid5-fix//P_471.png'];1.0;0.9999396800994873
['RAID/train/raid5-fix//N_1267.png'];0.0;0.005632620304822922
['RAID/train/raid5-fix//P_88.png'];1.0;0.9997180104255676
['RAID/train/raid5-fix//N_1358.png'];0.0;0.008617686107754707
['RAID/train/raid5-fix//N_1438.png'];0.0;0.002596575068309903
['RAID/train/raid5-fix//P_518.png'];1.0;0.9967377781867981
['RAID/train/raid5-fix//N_1207.png'];0.0;0.0007175587816163898
['RAID/train/raid5-fix//N_1234.png'];0.0;0.006529136560857296
['RAID/train/raid5-fix//N_1429.png'];0.0;0.010480987839400768
['RAID/train/raid5-fix//N_1210.png'];0.0;0.0032520864624530077
['RAID/train/raid5-fix//P_49.png'];1.0;0.9998049139976501
['RAID/train/raid5-fix//P_673.png'];1.0;0.9995890259742737
['RAID/train/raid5-fix//N_1782.png'];0.0;0.001113549922592938
['RAID/train/raid5-fix//N_1408.png'];0.0;0.0006545631331391633
['RAID/train/raid5-fix//P_610.png'];1.0;0.9978955984115601
['RAID/train/raid5-fix//N_1620.png'];0.0;0.0013127776328474283
['RAID/train/raid5-fix//N_1539.png'];0.0;0.009904233738780022
['RAID/train/raid5-fix//N_1466.png'];0.0;0.03768034279346466
['RAID/train/raid5-fix//P_532.png'];1.0;0.9338462352752686
['RAID/train/raid5-fix//N_1144.png'];0.0;0.0025716605596244335
['RAID/train/raid5-fix//N_1271.png'];0.0;0.0012553869746625423
['RAID/train/raid5-fix//N_1681.png'];0.0;0.02888287976384163
['RAID/train/raid5-fix//N_1397.png'];0.0;0.018291505053639412
['RAID/train/raid5-fix//N_1136.png'];0.0;0.008398543111979961
['RAID/train/raid5-fix//N_1000.png'];0.0;0.0005716194282285869
['RAID/train/raid5-fix//N_1670.png'];0.0;0.0004895973252132535
['RAID/train/raid5-fix//N_1449.png'];0.0;0.0396052822470665
['RAID/train/raid5-fix//N_1433.png'];0.0;0.028739960864186287
['RAID/train/raid5-fix//N_1337.png'];0.0;0.03825003281235695
['RAID/train/raid5-fix//N_1045.png'];0.0;0.04601333290338516
['RAID/train/raid5-fix//P_331.png'];1.0;0.9999728202819824
['RAID/train/raid5-fix//N_746.png'];0.0;0.9476972818374634
['RAID/train/raid5-fix//N_1755.png'];0.0;0.013868004083633423
['RAID/train/raid5-fix//P_347.png'];1.0;0.9987347722053528
['RAID/train/raid5-fix//P_326.png'];1.0;0.9997466206550598
['RAID/train/raid5-fix//N_863.png'];0.0;0.00012892558879684657
['RAID/train/raid5-fix//N_920.png'];0.0;0.01932055875658989
['RAID/train/raid5-fix//N_1677.png'];0.0;0.0002793632447719574
['RAID/train/raid5-fix//P_618.png'];1.0;0.9251009225845337
['RAID/train/raid5-fix//P_316.png'];1.0;0.9879302978515625
['RAID/train/raid5-fix//N_1773.png'];0.0;0.002548330696299672
['RAID/train/raid5-fix//N_363.png'];0.0;0.9989757537841797
['RAID/train/raid5-fix//P_481.png'];1.0;0.9925600290298462
['RAID/train/raid5-fix//P_217.png'];1.0;0.9847223162651062
['RAID/train/raid5-fix//N_1244.png'];0.0;0.001978469779714942
['RAID/train/raid5-fix//N_1631.png'];0.0;0.03856603056192398
['RAID/train/raid5-fix//N_1048.png'];0.0;0.0016861188923940063
['RAID/train/raid5-fix//P_749.png'];1.0;0.9911835193634033
['RAID/train/raid5-fix//N_1233.png'];0.0;0.11805860698223114
['RAID/train/raid5-fix//P_323.png'];1.0;0.9735114574432373
['RAID/train/raid5-fix//P_371.png'];1.0;0.9992639422416687
['RAID/train/raid5-fix//N_1731.png'];0.0;0.05286463722586632
['RAID/train/raid5-fix//N_1862.png'];0.0;0.004824107512831688
['RAID/train/raid5-fix//N_416.png'];0.0;0.8881903886795044
['RAID/train/raid5-fix//N_1465.png'];0.0;0.005930186714977026
['RAID/train/raid5-fix//N_1181.png'];0.0;0.023875007405877113
['RAID/train/raid5-fix//P_210.png'];1.0;0.9998189806938171
['RAID/train/raid5-fix//N_1060.png'];0.0;0.0029453826136887074
['RAID/train/raid5-fix//N_303.png'];0.0;0.9967977404594421
['RAID/train/raid5-fix//P_271.png'];1.0;0.9927147030830383
['RAID/train/raid5-fix//P_702.png'];1.0;0.999840497970581
['RAID/train/raid5-fix//P_10.png'];1.0;0.9998008608818054
['RAID/train/raid5-fix//N_918.png'];0.0;0.030502278357744217
['RAID/train/raid5-fix//P_634.png'];1.0;0.9966657757759094
['RAID/train/raid5-fix//N_1678.png'];0.0;0.00021331015159375966
['RAID/train/raid5-fix//N_1740.png'];0.0;0.04532155022025108
['RAID/train/raid5-fix//N_819.png'];0.0;0.007491121534258127
['RAID/train/raid5-fix//P_170.png'];1.0;0.9999960660934448
['RAID/train/raid5-fix//P_282.png'];1.0;0.9975167512893677
['RAID/train/raid5-fix//N_1607.png'];0.0;0.0020896669011563063
['RAID/train/raid5-fix//N_1556.png'];0.0;0.0022240926045924425
['RAID/train/raid5-fix//N_1650.png'];0.0;0.004888853989541531
['RAID/train/raid5-fix//N_1579.png'];0.0;0.0063520753756165504
['RAID/train/raid5-fix//N_1757.png'];0.0;0.0011781741632148623
['RAID/train/raid5-fix//N_564.png'];0.0;0.9873620271682739
['RAID/train/raid5-fix//N_1227.png'];0.0;0.00032405409729108214
['RAID/train/raid5-fix//N_865.png'];0.0;0.0005023015546612442
['RAID/train/raid5-fix//P_675.png'];1.0;0.9999595880508423
['RAID/train/raid5-fix//P_758.png'];1.0;0.9999688863754272
['RAID/train/raid5-fix//P_756.png'];1.0;0.9843909740447998
['RAID/train/raid5-fix//P_294.png'];1.0;0.999977707862854
['RAID/train/raid5-fix//N_831.png'];0.0;0.0027188858948647976
['RAID/train/raid5-fix//N_1795.png'];0.0;0.2233634740114212
['RAID/train/raid5-fix//N_231.png'];0.0;0.37423524260520935
['RAID/train/raid5-fix//N_871.png'];0.0;0.06909529119729996
['RAID/train/raid5-fix//N_1495.png'];0.0;0.0003993607824668288
['RAID/train/raid5-fix//P_351.png'];1.0;0.99730384349823
['RAID/train/raid5-fix//N_1683.png'];0.0;0.0025260047987103462
['RAID/train/raid5-fix//N_1853.png'];0.0;0.004178659059107304
['RAID/train/raid5-fix//P_337.png'];1.0;0.9973504543304443
['RAID/train/raid5-fix//P_72.png'];1.0;0.9977502226829529
['RAID/train/raid5-fix//N_1734.png'];0.0;0.005692990496754646
['RAID/train/raid5-fix//N_1445.png'];0.0;0.004286807496100664
['RAID/train/raid5-fix//P_198.png'];1.0;0.9981918931007385
['RAID/train/raid5-fix//N_845.png'];0.0;0.003912529908120632
['RAID/train/raid5-fix//P_327.png'];1.0;0.9323433041572571
['RAID/train/raid5-fix//N_1187.png'];0.0;0.014636905863881111
['RAID/train/raid5-fix//N_904.png'];0.0;0.001485469751060009
['RAID/train/raid5-fix//P_776.png'];1.0;0.99925297498703
['RAID/train/raid5-fix//N_1209.png'];0.0;0.002175100613385439
['RAID/train/raid5-fix//N_1298.png'];0.0;0.0014474693452939391
['RAID/train/raid5-fix//P_8.png'];1.0;0.9999021291732788
['RAID/train/raid5-fix//N_953.png'];0.0;0.23263289034366608
['RAID/train/raid5-fix//N_1295.png'];0.0;0.004370714072138071
['RAID/train/raid5-fix//N_1726.png'];0.0;0.00021697310148738325
['RAID/train/raid5-fix//P_186.png'];1.0;0.999889612197876
['RAID/train/raid5-fix//N_1558.png'];0.0;0.11301353573799133
['RAID/train/raid5-fix//P_461.png'];1.0;0.9991031885147095
['RAID/train/raid5-fix//P_100.png'];1.0;0.9648114442825317
['RAID/train/raid5-fix//N_1132.png'];0.0;0.02292151004076004
['RAID/train/raid5-fix//N_986.png'];0.0;0.002362839411944151
['RAID/train/raid5-fix//N_1311.png'];0.0;0.00479285791516304
['RAID/train/raid5-fix//N_1121.png'];0.0;0.0023970226757228374
['RAID/train/raid5-fix//N_1538.png'];0.0;0.010610735975205898
['RAID/train/raid5-fix//N_791.png'];0.0;0.9732464551925659
['RAID/train/raid5-fix//P_84.png'];1.0;0.9962371587753296
['RAID/train/raid5-fix//N_1141.png'];0.0;0.0027102897875010967
['RAID/train/raid5-fix//N_1375.png'];0.0;0.0031294908840209246
['RAID/train/raid5-fix//P_204.png'];1.0;0.9992935657501221
['RAID/train/raid5-fix//N_393.png'];0.0;0.9996726512908936
['RAID/train/raid5-fix//N_980.png'];0.0;0.004601392429322004
['RAID/train/raid5-fix//P_628.png'];1.0;0.995888888835907
['RAID/train/raid5-fix//P_738.png'];1.0;0.9980530738830566
['RAID/train/raid5-fix//N_1771.png'];0.0;0.00393237080425024
['RAID/train/raid5-fix//N_1478.png'];0.0;0.0008758589392527938
['RAID/train/raid5-fix//N_474.png'];0.0;0.9990975856781006
['RAID/train/raid5-fix//P_207.png'];1.0;0.9999860525131226
['RAID/train/raid5-fix//N_1822.png'];0.0;0.002194937551394105
['RAID/train/raid5-fix//N_1637.png'];0.0;0.0017476301873102784
['RAID/train/raid5-fix//P_362.png'];1.0;0.9635546207427979
['RAID/train/raid5-fix//N_1329.png'];0.0;0.006002739537507296
['RAID/train/raid5-fix//N_714.png'];0.0;0.9861607551574707
['RAID/train/raid5-fix//P_625.png'];1.0;0.9869304895401001
['RAID/train/raid5-fix//N_1545.png'];0.0;0.0040085227228701115
['RAID/train/raid5-fix//P_451.png'];1.0;0.9659796953201294
['RAID/train/raid5-fix//N_1401.png'];0.0;0.015345082618296146
['RAID/train/raid5-fix//P_575.png'];1.0;0.9951449036598206
['RAID/train/raid5-fix//P_16.png'];1.0;0.9974709749221802
['RAID/train/raid5-fix//P_571.png'];1.0;0.999860405921936
['RAID/train/raid5-fix//P_430.png'];1.0;0.9992876648902893
['RAID/train/raid5-fix//P_36.png'];1.0;0.9998371601104736
['RAID/train/raid5-fix//P_747.png'];1.0;0.9808165431022644
['RAID/train/raid5-fix//N_1222.png'];0.0;0.09912466257810593
['RAID/train/raid5-fix//P_63.png'];1.0;0.9913095235824585
['RAID/train/raid5-fix//N_1447.png'];0.0;0.002124352613463998
['RAID/train/raid5-fix//P_290.png'];1.0;0.9806015491485596
['RAID/train/raid5-fix//N_1417.png'];0.0;0.006680644582957029
['RAID/train/raid5-fix//N_896.png'];0.0;0.0018103179754689336
['RAID/train/raid5-fix//P_81.png'];1.0;0.995598554611206
['RAID/train/raid5-fix//N_1480.png'];0.0;0.0046219127252697945
['RAID/train/raid5-fix//N_1859.png'];0.0;0.006541861221194267
['RAID/train/raid5-fix//N_1094.png'];0.0;0.010459719225764275
['RAID/train/raid5-fix//P_681.png'];1.0;0.9939996004104614
['RAID/train/raid5-fix//P_330.png'];1.0;0.9757502675056458
['RAID/train/raid5-fix//N_1240.png'];0.0;0.0023712723050266504
['RAID/train/raid5-fix//N_1013.png'];0.0;0.8290622234344482
['RAID/train/raid5-fix//N_1283.png'];0.0;0.011024042032659054
['RAID/train/raid5-fix//P_495.png'];1.0;0.9999849796295166
['RAID/train/raid5-fix//N_1078.png'];0.0;0.0012866203906014562
['RAID/train/raid5-fix//N_1550.png'];0.0;0.009041104465723038
['RAID/train/raid5-fix//N_877.png'];0.0;0.00025461066979914904
['RAID/train/raid5-fix//N_1113.png'];0.0;0.0021976158022880554
['RAID/train/raid5-fix//P_342.png'];1.0;0.9703078269958496
['RAID/train/raid5-fix//P_268.png'];1.0;0.9999123811721802
['RAID/train/raid5-fix//P_291.png'];1.0;0.9995272159576416
['RAID/train/raid5-fix//N_1595.png'];0.0;0.0016456501325592399
['RAID/train/raid5-fix//N_1453.png'];0.0;0.024457020685076714
['RAID/train/raid5-fix//N_1572.png'];0.0;0.0004055297467857599
['RAID/train/raid5-fix//N_1256.png'];0.0;0.009278988465666771
['RAID/train/raid5-fix//P_197.png'];1.0;0.616061270236969
['RAID/train/raid5-fix//P_697.png'];1.0;0.9999245405197144
['RAID/train/raid5-fix//P_394.png'];1.0;0.9969235062599182
['RAID/train/raid5-fix//N_1146.png'];0.0;0.012688116170465946
['RAID/train/raid5-fix//N_1489.png'];0.0;0.01585528440773487
['RAID/train/raid5-fix//N_1111.png'];0.0;0.008205404505133629
['RAID/train/raid5-fix//N_1427.png'];0.0;0.021333251148462296
['RAID/train/raid5-fix//P_359.png'];1.0;0.9999959468841553
['RAID/train/raid5-fix//N_1352.png'];0.0;0.006898386869579554
['RAID/train/raid5-fix//P_597.png'];1.0;0.9993422627449036
['RAID/train/raid5-fix//P_798.png'];1.0;0.9962801337242126
['RAID/train/raid5-fix//P_708.png'];1.0;0.991880476474762
['RAID/train/raid5-fix//N_1563.png'];0.0;0.008953342214226723
['RAID/train/raid5-fix//N_1192.png'];0.0;0.0003994853177573532
['RAID/train/raid5-fix//N_1533.png'];0.0;0.0046982006169855595
['RAID/train/raid5-fix//P_150.png'];1.0;0.9995148181915283
['RAID/train/raid5-fix//N_423.png'];0.0;0.9983217120170593
['RAID/train/raid5-fix//P_196.png'];1.0;0.9867329001426697
['RAID/train/raid5-fix//P_155.png'];1.0;0.9920780062675476
['RAID/train/raid5-fix//P_589.png'];1.0;0.9938799142837524
['RAID/train/raid5-fix//N_1085.png'];0.0;0.051689326763153076
['RAID/train/raid5-fix//N_1235.png'];0.0;0.0024594163987785578
['RAID/train/raid5-fix//N_810.png'];0.0;0.009677315130829811
['RAID/train/raid5-fix//P_44.png'];1.0;0.9993791580200195
['RAID/train/raid5-fix//P_646.png'];1.0;0.985438346862793
['RAID/train/raid5-fix//P_51.png'];1.0;0.9992477893829346
['RAID/train/raid5-fix//N_1241.png'];0.0;0.005477869417518377
['RAID/train/raid5-fix//N_1682.png'];0.0;0.015288145281374454
['RAID/train/raid5-fix//P_132.png'];1.0;0.9982802867889404
['RAID/train/raid5-fix//P_528.png'];1.0;0.9946563243865967
['RAID/train/raid5-fix//N_1783.png'];0.0;0.03568815067410469
['RAID/train/raid5-fix//N_1357.png'];0.0;0.016492288559675217
['RAID/train/raid5-fix//N_1382.png'];0.0;0.022278226912021637
['RAID/train/raid5-fix//N_1163.png'];0.0;0.004002422094345093
['RAID/train/raid5-fix//P_305.png'];1.0;0.9991681575775146
['RAID/train/raid5-fix//N_1809.png'];0.0;0.006389907095581293
['RAID/train/raid5-fix//P_652.png'];1.0;0.9996656179428101
['RAID/train/raid5-fix//P_773.png'];1.0;0.9991518259048462
['RAID/train/raid5-fix//P_486.png'];1.0;0.997649610042572
['RAID/train/raid5-fix//N_1188.png'];0.0;0.004425530321896076
['RAID/train/raid5-fix//P_485.png'];1.0;0.9870975613594055
['RAID/train/raid5-fix//N_1359.png'];0.0;0.014379234984517097
['RAID/train/raid5-fix//N_992.png'];0.0;0.00026104715652763844
['RAID/train/raid5-fix//P_548.png'];1.0;0.9984664916992188
['RAID/train/raid5-fix//N_1092.png'];0.0;7.911759166745469e-05
['RAID/train/raid5-fix//N_917.png'];0.0;0.0016570116858929396
['RAID/train/raid5-fix//N_1201.png'];0.0;0.007216211408376694
['RAID/train/raid5-fix//N_974.png'];0.0;0.00408075749874115
['RAID/train/raid5-fix//P_61.png'];1.0;0.9997634291648865
['RAID/train/raid5-fix//N_1265.png'];0.0;0.004270216450095177
['RAID/train/raid5-fix//N_1381.png'];0.0;0.0007545229163952172
['RAID/train/raid5-fix//N_249.png'];0.0;0.9763656854629517
['RAID/train/raid5-fix//N_1807.png'];0.0;0.01983823999762535
['RAID/train/raid5-fix//N_1492.png'];0.0;0.025686347857117653
['RAID/train/raid5-fix//P_759.png'];1.0;0.999168872833252
['RAID/train/raid5-fix//N_1082.png'];0.0;0.008759462274610996
['RAID/train/raid5-fix//P_280.png'];1.0;0.9999946355819702
['RAID/train/raid5-fix//N_1127.png'];0.0;0.00019459704344626516
['RAID/train/raid5-fix//N_1787.png'];0.0;0.0011516024824231863
['RAID/train/raid5-fix//N_1071.png'];0.0;0.0033631327096372843
['RAID/train/raid5-fix//P_208.png'];1.0;0.9992812275886536
['RAID/train/raid5-fix//N_1806.png'];0.0;0.0013106312835589051
['RAID/train/raid5-fix//P_465.png'];1.0;0.982455849647522
['RAID/train/raid5-fix//N_1680.png'];0.0;0.0005794264143332839
['RAID/train/raid5-fix//N_1067.png'];0.0;0.001417609746567905
['RAID/train/raid5-fix//P_333.png'];1.0;0.02308345027267933
['RAID/train/raid5-fix//P_226.png'];1.0;0.9829009175300598
['RAID/train/raid5-fix//N_1033.png'];0.0;0.0017928461311385036
['RAID/train/raid5-fix//N_1214.png'];0.0;0.0008993474184535444
['RAID/train/raid5-fix//N_1778.png'];0.0;0.0014358172193169594
['RAID/train/raid5-fix//N_1636.png'];0.0;0.005616213660687208
['RAID/train/raid5-fix//N_1083.png'];0.0;0.001277355826459825
['RAID/train/raid5-fix//P_192.png'];1.0;0.9973650574684143
['RAID/train/raid5-fix//N_1166.png'];0.0;0.018078599125146866
['RAID/train/raid5-fix//N_1126.png'];0.0;0.008451899513602257
['RAID/train/raid5-fix//N_1130.png'];0.0;0.0009015292744152248
['RAID/train/raid5-fix//P_506.png'];1.0;0.989516019821167
['RAID/train/raid5-fix//N_943.png'];0.0;0.0007745462353341281
['RAID/train/raid5-fix//P_279.png'];1.0;0.9785040020942688
['RAID/train/raid5-fix//P_227.png'];1.0;0.9999918937683105
['RAID/train/raid5-fix//N_1868.png'];0.0;0.0002662308106664568
['RAID/train/raid5-fix//N_1215.png'];0.0;0.0006761813419871032
['RAID/train/raid5-fix//P_78.png'];1.0;0.9267295002937317
['RAID/train/raid5-fix//P_614.png'];1.0;0.9777266383171082
['RAID/train/raid5-fix//N_928.png'];0.0;0.0005159854772500694
['RAID/train/raid5-fix//P_201.png'];1.0;0.9934651255607605
['RAID/train/raid5-fix//N_1339.png'];0.0;0.004994430113583803
['RAID/train/raid5-fix//N_833.png'];0.0;0.015863411128520966
['RAID/train/raid5-fix//N_1668.png'];0.0;0.0017802149523049593
['RAID/train/raid5-fix//N_880.png'];0.0;0.01854335330426693
['RAID/train/raid5-fix//N_1081.png'];0.0;0.001971516525372863
['RAID/train/raid5-fix//N_579.png'];0.0;0.9984287619590759
['RAID/train/raid5-fix//P_734.png'];1.0;0.9899798631668091
['RAID/train/raid5-fix//P_37.png'];1.0;0.9984812140464783
['RAID/train/raid5-fix//N_1312.png'];0.0;0.0004205323348287493
['RAID/train/raid5-fix//P_761.png'];1.0;0.9995575547218323
['RAID/train/raid5-fix//N_1491.png'];0.0;0.003724476555362344
['RAID/train/raid5-fix//N_1606.png'];0.0;0.0007791395764797926
['RAID/train/raid5-fix//N_1728.png'];0.0;0.0006679984508082271
['RAID/train/raid5-fix//N_956.png'];0.0;0.00486254645511508
['RAID/train/raid5-fix//P_275.png'];1.0;0.9996359348297119
['RAID/train/raid5-fix//N_1763.png'];0.0;0.23597456514835358
['RAID/train/raid5-fix//P_189.png'];1.0;0.9984215497970581
['RAID/train/raid5-fix//P_669.png'];1.0;0.9998571872711182
['RAID/train/raid5-fix//P_409.png'];1.0;0.9985381364822388
['RAID/train/raid5-fix//N_1364.png'];0.0;0.0004967246204614639
['RAID/train/raid5-fix//N_1646.png'];0.0;0.011561701074242592
['RAID/train/raid5-fix//N_1691.png'];0.0;0.00012499521835707128
['RAID/train/raid5-fix//N_380.png'];0.0;0.9984399676322937
['RAID/train/raid5-fix//P_594.png'];1.0;0.9996358156204224
['RAID/train/raid5-fix//N_1435.png'];0.0;0.04461740702390671
['RAID/train/raid5-fix//P_490.png'];1.0;0.8760402202606201
['RAID/train/raid5-fix//N_1570.png'];0.0;0.013014908879995346
['RAID/train/raid5-fix//N_1316.png'];0.0;0.0017314035212621093
['RAID/train/raid5-fix//P_433.png'];1.0;0.9992672801017761
['RAID/train/raid5-fix//N_979.png'];0.0;0.00023201049771159887
['RAID/train/raid5-fix//N_558.png'];0.0;0.9277694821357727
['RAID/train/raid5-fix//N_1756.png'];0.0;0.006167615298181772
['RAID/train/raid5-fix//P_188.png'];1.0;0.9992357492446899
['RAID/train/raid5-fix//P_666.png'];1.0;0.9999809265136719
['RAID/train/raid5-fix//P_211.png'];1.0;0.9987326264381409
['RAID/train/raid5-fix//P_53.png'];1.0;0.9902847409248352
['RAID/train/raid5-fix//N_1224.png'];0.0;0.00142279255669564
['RAID/train/raid5-fix//N_283.png'];0.0;0.9679654240608215
['RAID/train/raid5-fix//N_1541.png'];0.0;0.019759273156523705
['RAID/train/raid5-fix//P_277.png'];1.0;0.9569240808486938
['RAID/train/raid5-fix//N_1811.png'];0.0;0.4257550835609436
['RAID/train/raid5-fix//P_424.png'];1.0;0.9999586343765259
['RAID/train/raid5-fix//P_166.png'];1.0;0.9997573494911194
['RAID/train/raid5-fix//N_1507.png'];0.0;0.0016435447614639997
['RAID/train/raid5-fix//N_1019.png'];0.0;0.01441953331232071
['RAID/train/raid5-fix//N_1743.png'];0.0;0.03270230069756508
['RAID/train/raid5-fix//P_467.png'];1.0;0.9864739179611206
['RAID/train/raid5-fix//P_469.png'];1.0;0.9999743700027466
['RAID/train/raid5-fix//P_523.png'];1.0;0.9974217414855957
['RAID/train/raid5-fix//P_593.png'];1.0;0.9284444451332092
['RAID/train/raid5-fix//N_281.png'];0.0;0.9733532071113586
['RAID/train/raid5-fix//P_361.png'];1.0;0.9970390796661377
['RAID/train/raid5-fix//N_1300.png'];0.0;0.2773388624191284
['RAID/train/raid5-fix//P_360.png'];1.0;0.9999669790267944
['RAID/train/raid5-fix//P_111.png'];1.0;0.9992293119430542
['RAID/train/raid5-fix//P_154.png'];1.0;0.9981766939163208
['RAID/train/raid5-fix//N_1346.png'];0.0;0.003561727236956358
['RAID/train/raid5-fix//P_357.png'];1.0;0.9971789121627808
['RAID/train/raid5-fix//N_1369.png'];0.0;0.00023550108016934246
['RAID/train/raid5-fix//N_844.png'];0.0;0.0061577558517456055
['RAID/train/raid5-fix//N_1025.png'];0.0;0.0007520810468122363
['RAID/train/raid5-fix//N_1016.png'];0.0;0.016263706609606743
['RAID/train/raid5-fix//N_1858.png'];0.0;0.0008823869284242392
['RAID/train/raid5-fix//N_1341.png'];0.0;0.10185448825359344
['RAID/train/raid5-fix//N_1279.png'];0.0;0.0009998326422646642
['RAID/train/raid5-fix//P_67.png'];1.0;0.981902003288269
['RAID/train/raid5-fix//N_1861.png'];0.0;0.0006266467389650643
['RAID/train/raid5-fix//N_1101.png'];0.0;0.003139782464131713
['RAID/train/raid5-fix//N_1434.png'];0.0;0.005990057718008757
['RAID/train/raid5-fix//P_107.png'];1.0;0.9998657703399658
['RAID/train/raid5-fix//P_26.png'];1.0;0.995528519153595
['RAID/train/raid5-fix//P_329.png'];1.0;0.9984610080718994
['RAID/train/raid5-fix//P_650.png'];1.0;0.9308297634124756
['RAID/train/raid5-fix//N_849.png'];0.0;0.003307564649730921
['RAID/train/raid5-fix//N_1581.png'];0.0;0.005595942493528128
['RAID/train/raid5-fix//P_402.png'];1.0;0.983622133731842
['RAID/train/raid5-fix//P_609.png'];1.0;0.43254348635673523
['RAID/train/raid5-fix//N_811.png'];0.0;0.08782384544610977
['RAID/train/raid5-fix//P_611.png'];1.0;0.9843341708183289
['RAID/train/raid5-fix//N_847.png'];0.0;0.008710531517863274
['RAID/train/raid5-fix//N_1253.png'];0.0;0.001931990496814251
['RAID/train/raid5-fix//P_510.png'];1.0;0.8232726454734802
['RAID/train/raid5-fix//N_1093.png'];0.0;0.8701924085617065
['RAID/train/raid5-fix//N_1032.png'];0.0;0.001778171630576253
['RAID/train/raid5-fix//P_381.png'];1.0;0.9909601211547852
['RAID/train/raid5-fix//N_1331.png'];0.0;0.0014556498499587178
['RAID/train/raid5-fix//N_818.png'];0.0;0.0004434244765434414
['RAID/train/raid5-fix//P_306.png'];1.0;0.99982750415802
['RAID/train/raid5-fix//N_1745.png'];0.0;0.03280676528811455
['RAID/train/raid5-fix//N_1223.png'];0.0;0.0002435398637317121
['RAID/train/raid5-fix//P_230.png'];1.0;0.997564435005188
['RAID/train/raid5-fix//P_721.png'];1.0;0.9634847640991211
['RAID/train/raid5-fix//N_1250.png'];0.0;0.0005023932899348438
['RAID/train/raid5-fix//N_927.png'];0.0;0.0009604370570741594
['RAID/train/raid5-fix//N_1023.png'];0.0;0.0005743839428760111
['RAID/train/raid5-fix//N_944.png'];0.0;0.017645156010985374
['RAID/train/raid5-fix//P_632.png'];1.0;0.9996238946914673
['RAID/train/raid5-fix//N_1711.png'];0.0;0.0027435251977294683
['RAID/train/raid5-fix//P_583.png'];1.0;0.9617431163787842
['RAID/train/raid5-fix//N_813.png'];0.0;0.015958411619067192
['RAID/train/raid5-fix//N_1821.png'];0.0;0.0053137196227908134
['RAID/train/raid5-fix//N_866.png'];0.0;0.06113593280315399
['RAID/train/raid5-fix//P_395.png'];1.0;0.9891775250434875
['RAID/train/raid5-fix//P_200.png'];1.0;0.9999724626541138
['RAID/train/raid5-fix//N_1840.png'];0.0;0.0007197534432634711
['RAID/train/raid5-fix//P_468.png'];1.0;0.9940177202224731
['RAID/train/raid5-fix//N_1793.png'];0.0;0.008867721073329449
['RAID/train/raid5-fix//P_790.png'];1.0;0.9975035786628723
['RAID/train/raid5-fix//P_785.png'];1.0;0.9995878338813782
['RAID/train/raid5-fix//N_1796.png'];0.0;0.00015910595539025962
['RAID/train/raid5-fix//N_1140.png'];0.0;0.1319539099931717
['RAID/train/raid5-fix//N_954.png'];0.0;0.003504192689433694
['RAID/train/raid5-fix//P_104.png'];1.0;0.9743427634239197
['RAID/train/raid5-fix//P_7.png'];1.0;0.9998257756233215
['RAID/train/raid5-fix//N_1443.png'];0.0;0.01781596802175045
['RAID/train/raid5-fix//N_1593.png'];0.0;0.008763844147324562
['RAID/train/raid5-fix//P_431.png'];1.0;0.9969276785850525
['RAID/train/raid5-fix//N_1611.png'];0.0;0.010365265421569347
['RAID/train/raid5-fix//N_1395.png'];0.0;0.0001275688991881907
['RAID/train/raid5-fix//N_1655.png'];0.0;0.052951838821172714
['RAID/train/raid5-fix//P_452.png'];1.0;0.9967603087425232
['RAID/train/raid5-fix//N_1135.png'];0.0;0.008421502076089382
['RAID/train/raid5-fix//N_563.png'];0.0;0.9930683374404907
['RAID/train/raid5-fix//N_890.png'];0.0;0.32206326723098755
['RAID/train/raid5-fix//P_190.png'];1.0;0.9507083892822266
['RAID/train/raid5-fix//P_3.png'];1.0;0.9933555126190186
['RAID/train/raid5-fix//P_340.png'];1.0;0.9275171756744385
['RAID/train/raid5-fix//N_1159.png'];0.0;0.013312558643519878
['RAID/train/raid5-fix//N_1585.png'];0.0;0.03228265792131424
['RAID/train/raid5-fix//P_18.png'];1.0;0.9978360533714294
['RAID/train/raid5-fix//P_57.png'];1.0;0.9997784495353699
['RAID/train/raid5-fix//P_52.png'];1.0;0.9997970461845398
['RAID/train/raid5-fix//N_911.png'];0.0;0.012872434221208096
['RAID/train/raid5-fix//N_889.png'];0.0;0.02458333596587181
['RAID/train/raid5-fix//N_1803.png'];0.0;0.270977258682251
['RAID/train/raid5-fix//N_1823.png'];0.0;0.0008685741922818124
['RAID/train/raid5-fix//N_878.png'];0.0;0.00021894631208851933
['RAID/train/raid5-fix//N_1651.png'];0.0;0.024468019604682922
['RAID/train/raid5-fix//P_73.png'];1.0;0.9995964169502258
['RAID/train/raid5-fix//P_137.png'];1.0;0.9886438846588135
['RAID/train/raid5-fix//N_658.png'];0.0;0.8489972352981567
['RAID/train/raid5-fix//N_1356.png'];0.0;0.001299096504226327
['RAID/train/raid5-fix//N_1621.png'];0.0;0.0018407851457595825
['RAID/train/raid5-fix//N_1676.png'];0.0;0.010386491194367409
['RAID/train/raid5-fix//N_1633.png'];0.0;0.002715509617701173
['RAID/train/raid5-fix//P_534.png'];1.0;0.9867021441459656
['RAID/train/raid5-fix//N_1761.png'];0.0;0.0005585629842244089
['RAID/train/raid5-fix//N_1440.png'];0.0;0.0029484648257493973
['RAID/train/raid5-fix//P_87.png'];1.0;0.999983549118042
['RAID/train/raid5-fix//N_1268.png'];0.0;0.019935382530093193
['RAID/train/raid5-fix//N_1577.png'];0.0;0.006978646386414766
['RAID/train/raid5-fix//N_1804.png'];0.0;0.003769159782677889
['RAID/train/raid5-fix//P_580.png'];1.0;0.9976098537445068
['RAID/train/raid5-fix//P_178.png'];1.0;0.6976133584976196
['RAID/train/raid5-fix//N_1008.png'];0.0;0.1114935651421547
['RAID/train/raid5-fix//N_822.png'];0.0;0.11518841236829758
['RAID/train/raid5-fix//N_1217.png'];0.0;0.009528315626084805
['RAID/train/raid5-fix//N_981.png'];0.0;0.00562498951330781
['RAID/train/raid5-fix//P_77.png'];1.0;0.999985933303833
['RAID/train/raid5-fix//N_1388.png'];0.0;0.0138662438839674
['RAID/train/raid5-fix//N_1274.png'];0.0;0.00043385123717598617
['RAID/train/raid5-fix//N_1664.png'];0.0;0.0016812210669741035
['RAID/train/raid5-fix//N_1289.png'];0.0;0.00043737050145864487
['RAID/train/raid5-fix//N_1688.png'];0.0;0.0015335105126723647
['RAID/train/raid5-fix//P_146.png'];1.0;0.9991021156311035
['RAID/train/raid5-fix//P_489.png'];1.0;0.8415533304214478
['RAID/train/raid5-fix//N_1697.png'];0.0;0.024393906816840172
['RAID/train/raid5-fix//N_895.png'];0.0;0.001138195744715631
['RAID/train/raid5-fix//P_665.png'];1.0;0.9997301697731018
['RAID/train/raid5-fix//N_62.png'];0.0;0.8658849000930786
['RAID/train/raid5-fix//P_55.png'];1.0;0.9998619556427002
['RAID/train/raid5-fix//N_1333.png'];0.0;0.0025380454026162624
['RAID/train/raid5-fix//P_560.png'];1.0;0.3558090329170227
['RAID/train/raid5-fix//P_130.png'];1.0;0.9976662397384644
['RAID/train/raid5-fix//N_1615.png'];0.0;0.03309233859181404
['RAID/train/raid5-fix//N_858.png'];0.0;0.0012674224562942982
['RAID/train/raid5-fix//P_507.png'];1.0;0.8973721861839294
['RAID/train/raid5-fix//P_319.png'];1.0;0.9994841814041138
['RAID/train/raid5-fix//N_493.png'];0.0;0.9781449437141418
['RAID/train/raid5-fix//N_1836.png'];0.0;0.007051434833556414
['RAID/train/raid5-fix//N_792.png'];0.0;0.6987994313240051
['RAID/train/raid5-fix//P_457.png'];1.0;0.9999637603759766
['RAID/train/raid5-fix//P_475.png'];1.0;0.9990485310554504
['RAID/train/raid5-fix//P_126.png'];1.0;0.9819260239601135
['RAID/train/raid5-fix//P_320.png'];1.0;0.9848906397819519
['RAID/train/raid5-fix//N_1211.png'];0.0;0.004960573744028807
['RAID/train/raid5-fix//N_307.png'];0.0;0.9255402088165283
['RAID/train/raid5-fix//N_1690.png'];0.0;0.004022609908133745
['RAID/train/raid5-fix//N_1070.png'];0.0;0.0014463471015915275
['RAID/train/raid5-fix//P_559.png'];1.0;0.9542527794837952
['RAID/train/raid5-fix//P_129.png'];1.0;0.9998061060905457
['RAID/train/raid5-fix//N_926.png'];0.0;0.0007430075202137232
['RAID/train/raid5-fix//N_1377.png'];0.0;0.005898305680602789
['RAID/train/raid5-fix//N_857.png'];0.0;0.014745513908565044
['RAID/train/raid5-fix//N_1398.png'];0.0;0.0006257163477130234
['RAID/train/raid5-fix//N_1169.png'];0.0;0.0038035705219954252
['RAID/train/raid5-fix//P_668.png'];1.0;0.9993664622306824
['RAID/train/raid5-fix//P_30.png'];1.0;0.9727475047111511
['RAID/train/raid5-fix//N_1791.png'];0.0;0.0011948894243687391
['RAID/train/raid5-fix//P_142.png'];1.0;0.9864554405212402
['RAID/train/raid5-fix//P_492.png'];1.0;0.9986196756362915
['RAID/train/raid5-fix//N_874.png'];0.0;0.004986555315554142
['RAID/train/raid5-fix//N_1248.png'];0.0;0.0002291146811330691
['RAID/train/raid5-fix//N_1554.png'];0.0;8.052304474404082e-05
['RAID/train/raid5-fix//P_203.png'];1.0;0.9973402619361877
['RAID/train/raid5-fix//N_1371.png'];0.0;0.9006218314170837
['RAID/train/raid5-fix//P_782.png'];1.0;0.9867276549339294
['RAID/train/raid5-fix//P_648.png'];1.0;0.992973804473877
['RAID/train/raid5-fix//P_386.png'];1.0;0.9877882599830627
['RAID/train/raid5-fix//N_1719.png'];0.0;0.02759064920246601
['RAID/train/raid5-fix//P_220.png'];1.0;0.9998965263366699
['RAID/train/raid5-fix//N_812.png'];0.0;0.0005314412992447615
['RAID/train/raid5-fix//P_335.png'];1.0;0.9956623911857605
['RAID/train/raid5-fix//N_1608.png'];0.0;0.011253412812948227
['RAID/train/raid5-fix//N_1270.png'];0.0;0.03585362061858177
['RAID/train/raid5-fix//P_310.png'];1.0;0.957501232624054
['RAID/train/raid5-fix//N_1641.png'];0.0;0.03396715223789215
['RAID/train/raid5-fix//N_1245.png'];0.0;0.022499876096844673
['RAID/train/raid5-fix//P_314.png'];1.0;0.992009162902832
['RAID/train/raid5-fix//P_216.png'];1.0;0.9114584922790527
['RAID/train/raid5-fix//N_1679.png'];0.0;0.00032390272826887667
['RAID/train/raid5-fix//P_517.png'];1.0;0.9996881484985352
['RAID/train/raid5-fix//P_151.png'];1.0;0.9996905326843262
['RAID/train/raid5-fix//N_250.png'];0.0;0.9985221028327942
['RAID/train/raid5-fix//N_1262.png'];0.0;0.14083777368068695
['RAID/train/raid5-fix//N_1425.png'];0.0;0.0009090287494473159
['RAID/train/raid5-fix//N_1294.png'];0.0;0.0037993325386196375
['RAID/train/raid5-fix//N_1242.png'];0.0;0.24924571812152863
['RAID/train/raid5-fix//P_445.png'];1.0;0.9984185695648193
['RAID/train/raid5-fix//N_1142.png'];0.0;0.005244448781013489
['RAID/train/raid5-fix//N_1099.png'];0.0;0.02213902585208416
['RAID/train/raid5-fix//P_255.png'];1.0;0.9982210993766785
['RAID/train/raid5-fix//N_1446.png'];0.0;0.002672008238732815
['RAID/train/raid5-fix//N_1402.png'];0.0;0.013901639729738235
['RAID/train/raid5-fix//P_45.png'];1.0;0.9028973579406738
['RAID/train/raid5-fix//N_1123.png'];0.0;0.01053684949874878
['RAID/train/raid5-fix//P_412.png'];1.0;0.993881106376648
['RAID/train/raid5-fix//P_770.png'];1.0;0.9995542168617249
['RAID/train/raid5-fix//N_1073.png'];0.0;0.0010613069171085954
['RAID/train/raid5-fix//N_930.png'];0.0;0.00659871194511652
['RAID/train/raid5-fix//P_553.png'];1.0;0.99814772605896
['RAID/train/raid5-fix//P_399.png'];1.0;0.9995456337928772
['RAID/train/raid5-fix//N_1225.png'];0.0;0.0282124150544405
['RAID/train/raid5-fix//N_1799.png'];0.0;0.015274420380592346
['RAID/train/raid5-fix//P_260.png'];1.0;0.997837483882904
['RAID/train/raid5-fix//N_1760.png'];0.0;0.05594150722026825
['RAID/train/raid5-fix//N_1343.png'];0.0;0.006409710273146629
['RAID/train/raid5-fix//N_1095.png'];0.0;0.0004037732433062047
['RAID/train/raid5-fix//P_59.png'];1.0;0.9958844780921936
['RAID/train/raid5-fix//P_374.png'];1.0;0.9593879580497742
['RAID/train/raid5-fix//N_1663.png'];0.0;8.515860827174038e-06
['RAID/train/raid5-fix//N_891.png'];0.0;0.057929132133722305
['RAID/train/raid5-fix//N_899.png'];0.0;0.0035415305756032467
['RAID/train/raid5-fix//N_1722.png'];0.0;0.004787597805261612
['RAID/train/raid5-fix//N_959.png'];0.0;0.01464664563536644
['RAID/train/raid5-fix//N_1661.png'];0.0;0.03282274678349495
['RAID/train/raid5-fix//P_622.png'];1.0;0.9622346758842468
['RAID/train/raid5-fix//P_775.png'];1.0;0.8775188326835632
['RAID/train/raid5-fix//N_988.png'];0.0;0.013332403264939785
['RAID/train/raid5-fix//N_1336.png'];0.0;0.0012066408526152372
['RAID/train/raid5-fix//P_288.png'];1.0;0.9998384714126587
['RAID/train/raid5-fix//P_4.png'];1.0;0.9904919266700745
['RAID/train/raid5-fix//N_1186.png'];0.0;0.005135567858815193
['RAID/train/raid5-fix//P_85.png'];1.0;0.9995928406715393
['RAID/train/raid5-fix//P_802.png'];1.0;0.9982134103775024
['RAID/train/raid5-fix//P_420.png'];1.0;0.9999384880065918
['RAID/train/raid5-fix//N_1772.png'];0.0;0.0016401088796555996
['RAID/train/raid5-fix//P_657.png'];1.0;0.9656067490577698
['RAID/train/raid5-fix//N_1378.png'];0.0;0.0025085671804845333
['RAID/train/raid5-fix//N_1497.png'];0.0;0.008355280384421349
['RAID/train/raid5-fix//N_1379.png'];0.0;0.00858975574374199
['RAID/train/raid5-fix//N_1024.png'];0.0;0.00021354806085582823
['RAID/train/raid5-fix//N_1320.png'];0.0;0.00011971826461376622
['RAID/train/raid5-fix//P_453.png'];1.0;0.998629093170166
['RAID/train/raid5-fix//N_869.png'];0.0;0.008690997026860714
['RAID/train/raid5-fix//N_888.png'];0.0;0.07699891924858093
['RAID/train/raid5-fix//P_712.png'];1.0;0.5065698027610779
['RAID/train/raid5-fix//N_1574.png'];0.0;0.0024179008323699236
['RAID/train/raid5-fix//N_1263.png'];0.0;0.026943659409880638
['RAID/train/raid5-fix//P_125.png'];1.0;0.9491509199142456
['RAID/train/raid5-fix//N_1775.png'];0.0;0.06832720339298248
['RAID/train/raid5-fix//N_1648.png'];0.0;0.0016684667207300663
['RAID/train/raid5-fix//N_1700.png'];0.0;0.002706655068323016
['RAID/train/raid5-fix//N_1373.png'];0.0;0.004917769227176905
['RAID/train/raid5-fix//N_1622.png'];0.0;0.0016008552629500628
['RAID/train/raid5-fix//N_1477.png'];0.0;0.005441111978143454
['RAID/train/raid5-fix//N_1065.png'];0.0;0.005821008235216141
['RAID/train/raid5-fix//N_1619.png'];0.0;0.0013526052935048938
['RAID/train/raid5-fix//N_1573.png'];0.0;0.0018078509019687772
['RAID/train/raid5-fix//N_887.png'];0.0;0.015957586467266083
['RAID/train/raid5-fix//N_816.png'];0.0;0.0003344657307025045
['RAID/train/raid5-fix//N_1219.png'];0.0;0.005848782602697611
['RAID/train/raid5-fix//P_778.png'];1.0;0.9959294199943542
['RAID/train/raid5-fix//N_1056.png'];0.0;0.10517889261245728
['RAID/train/raid5-fix//N_861.png'];0.0;0.01977735199034214
['RAID/train/raid5-fix//P_321.png'];1.0;0.9993095397949219
['RAID/train/raid5-fix//P_578.png'];1.0;0.7422664165496826
['RAID/train/raid5-fix//N_252.png'];0.0;0.7670726776123047
['RAID/train/raid5-fix//P_710.png'];1.0;0.9967445135116577
['RAID/train/raid5-fix//P_34.png'];1.0;0.9997896552085876
['RAID/train/raid5-fix//P_322.png'];1.0;0.9999680519104004
['RAID/train/raid5-fix//P_483.png'];1.0;0.7079057693481445
['RAID/train/raid5-fix//N_1617.png'];0.0;0.005076902452856302
['RAID/train/raid5-fix//P_60.png'];1.0;0.6737406253814697
['RAID/train/raid5-fix//N_999.png'];0.0;0.05928877741098404
['RAID/train/raid5-fix//P_427.png'];1.0;0.9744073748588562
['RAID/train/raid5-fix//N_1647.png'];0.0;0.000605046923737973
['RAID/train/raid5-fix//N_1788.png'];0.0;0.001483067637309432
['RAID/train/raid5-fix//N_1798.png'];0.0;0.03606310114264488
['RAID/train/raid5-fix//N_1084.png'];0.0;0.003693379694595933
['RAID/train/raid5-fix//N_1266.png'];0.0;0.44711658358573914
['RAID/train/raid5-fix//N_1592.png'];0.0;0.01236182264983654
['RAID/train/raid5-fix//N_1119.png'];0.0;0.001959580695256591
['RAID/train/raid5-fix//N_1630.png'];0.0;0.08424726128578186
['RAID/train/raid5-fix//P_542.png'];1.0;0.9995446801185608
['RAID/train/raid5-fix//P_289.png'];1.0;0.9999606609344482
['RAID/train/raid5-fix//N_1739.png'];0.0;0.029426971450448036
['RAID/train/raid5-fix//P_584.png'];1.0;0.999457061290741
['RAID/train/raid5-fix//P_649.png'];1.0;0.9999268054962158
['RAID/train/raid5-fix//N_1534.png'];0.0;0.009486259892582893
['RAID/train/raid5-fix//N_1102.png'];0.0;0.00330806290730834
['RAID/train/raid5-fix//N_879.png'];0.0;0.006140818353742361
['RAID/train/raid5-fix//P_623.png'];1.0;0.9894292950630188
['RAID/train/raid5-fix//N_1765.png'];0.0;0.0015113205881789327
['RAID/train/raid5-fix//N_1160.png'];0.0;0.004022642504423857
['RAID/train/raid5-fix//P_456.png'];1.0;0.9125686287879944
['RAID/train/raid5-fix//N_1100.png'];0.0;0.6346264481544495
['RAID/train/raid5-fix//P_253.png'];1.0;0.9753074645996094
['RAID/train/raid5-fix//P_599.png'];1.0;0.9989620447158813
['RAID/train/raid5-fix//P_136.png'];1.0;0.9566735029220581
['RAID/train/raid5-fix//P_241.png'];1.0;0.9016847610473633
['RAID/train/raid5-fix//P_718.png'];1.0;0.9269319176673889
['RAID/train/raid5-fix//P_730.png'];1.0;0.9999598264694214
['RAID/train/raid5-fix//N_1685.png'];0.0;0.0016318580601364374
['RAID/train/raid5-fix//P_498.png'];1.0;0.9962467551231384
['RAID/train/raid5-fix//N_1278.png'];0.0;0.007019429001957178
['RAID/train/raid5-fix//N_1012.png'];0.0;0.007128806319087744
['RAID/train/raid5-fix//P_404.png'];1.0;0.9998741149902344
['RAID/train/raid5-fix//N_962.png'];0.0;0.0008613326936028898
['RAID/train/raid5-fix//P_212.png'];1.0;0.9988096952438354
['RAID/train/raid5-fix//P_286.png'];1.0;0.981603741645813
['RAID/train/raid5-fix//N_1500.png'];0.0;0.000296226964564994
['RAID/train/raid5-fix//P_554.png'];1.0;0.9974562525749207
['RAID/train/raid5-fix//P_235.png'];1.0;0.9999963045120239
['RAID/train/raid5-fix//N_799.png'];0.0;0.9781514406204224
['RAID/train/raid5-fix//P_346.png'];1.0;0.9864051342010498
['RAID/train/raid5-fix//N_1380.png'];0.0;0.0005865702987648547
['RAID/train/raid5-fix//N_1689.png'];0.0;0.027714481577277184
['RAID/train/raid5-fix//P_729.png'];1.0;0.9888573884963989
['RAID/train/raid5-fix//N_1736.png'];0.0;0.0005921546253375709
['RAID/train/raid5-fix//P_737.png'];1.0;0.7484543919563293
['RAID/train/raid5-fix//N_1669.png'];0.0;0.0055548930540680885
['RAID/train/raid5-fix//N_1176.png'];0.0;0.003477523336187005
['RAID/train/raid5-fix//P_315.png'];1.0;0.9952899217605591
['RAID/train/raid5-fix//N_1158.png'];0.0;0.00950896181166172
['RAID/train/raid5-fix//P_519.png'];1.0;0.9930647015571594
['RAID/train/raid5-fix//N_1758.png'];0.0;0.013698422349989414
['RAID/train/raid5-fix//P_287.png'];1.0;0.9772013425827026
['RAID/train/raid5-fix//P_165.png'];1.0;0.9998026490211487
['RAID/train/raid5-fix//P_780.png'];1.0;0.9946739673614502
['RAID/train/raid5-fix//N_1496.png'];0.0;0.0010895022423937917
['RAID/train/raid5-fix//P_242.png'];1.0;0.9909592866897583
['RAID/train/raid5-fix//N_664.png'];0.0;0.9272385835647583
['RAID/train/raid5-fix//P_536.png'];1.0;0.9562482833862305
['RAID/train/raid5-fix//N_1522.png'];0.0;0.029573790729045868
['RAID/train/raid5-fix//N_1079.png'];0.0;0.0008559410343877971
['RAID/train/raid5-fix//P_779.png'];1.0;0.9999830722808838
['RAID/train/raid5-fix//N_1386.png'];0.0;0.00030996472924016416
['RAID/train/raid5-fix//N_1194.png'];0.0;0.0037795226089656353
['RAID/train/raid5-fix//N_940.png'];0.0;0.010592673905193806
['RAID/train/raid5-fix//N_832.png'];0.0;0.021870838478207588
['RAID/train/raid5-fix//N_1314.png'];0.0;0.005230650305747986
['RAID/train/raid5-fix//N_1264.png'];0.0;0.0015668501146137714
['RAID/train/raid5-fix//N_1789.png'];0.0;0.007514264900237322
['RAID/train/raid5-fix//P_641.png'];1.0;0.999022364616394
['RAID/train/raid5-fix//N_1687.png'];0.0;0.020893212407827377
['RAID/train/raid5-fix//N_838.png'];0.0;0.002390122739598155
['RAID/train/raid5-fix//P_781.png'];1.0;0.999367892742157
['RAID/train/raid5-fix//N_1393.png'];0.0;7.837022712919861e-05
['RAID/train/raid5-fix//P_556.png'];1.0;0.9950651526451111
['RAID/train/raid5-fix//P_69.png'];1.0;0.9982740879058838
['RAID/train/raid5-fix//P_674.png'];1.0;0.999954104423523
['RAID/train/raid5-fix//P_257.png'];1.0;0.9978665709495544
['RAID/train/raid5-fix//P_336.png'];1.0;0.928131639957428
['RAID/train/raid5-fix//N_1118.png'];0.0;0.0335703045129776
['RAID/train/raid5-fix//P_707.png'];1.0;0.9797217845916748
['RAID/train/raid5-fix//N_1727.png'];0.0;0.0029015513136982918
['RAID/train/raid5-fix//N_1790.png'];0.0;0.006274092942476273
['RAID/train/raid5-fix//N_1055.png'];0.0;0.0010027120588347316
['RAID/train/raid5-fix//N_1555.png'];0.0;0.004469854291528463
['RAID/train/raid5-fix//N_1120.png'];0.0;0.00338783604092896
['RAID/train/raid5-fix//N_1063.png'];0.0;0.0004712119116447866
['RAID/train/raid5-fix//P_752.png'];1.0;0.9896082282066345
['RAID/train/raid5-fix//N_1057.png'];0.0;0.022609392181038857
['RAID/train/raid5-fix//P_99.png'];1.0;0.9990952014923096
['RAID/train/raid5-fix//N_919.png'];0.0;0.0004382987099234015
['RAID/train/raid5-fix//N_1239.png'];0.0;0.0035156586673110723
['RAID/train/raid5-fix//P_256.png'];1.0;0.9976389408111572
['RAID/train/raid5-fix//P_606.png'];1.0;0.9894256591796875
['RAID/train/raid5-fix//N_1104.png'];0.0;0.014338727109134197
['RAID/train/raid5-fix//N_872.png'];0.0;0.022135261446237564
['RAID/train/raid5-fix//N_607.png'];0.0;0.9994662404060364
['RAID/train/raid5-fix//N_1406.png'];0.0;0.006844471674412489
['RAID/train/raid5-fix//N_1524.png'];0.0;0.008264259435236454
['RAID/train/raid5-fix//N_1552.png'];0.0;0.07730698585510254
['RAID/train/raid5-fix//P_800.png'];1.0;0.9966811537742615
['RAID/train/raid5-fix//P_74.png'];1.0;0.973849356174469
['RAID/train/raid5-fix//N_205.png'];0.0;0.9994716048240662
['RAID/train/raid5-fix//N_1792.png'];0.0;0.2517687976360321
['RAID/train/raid5-fix//N_867.png'];0.0;0.017316730692982674
['RAID/train/raid5-fix//N_414.png'];0.0;0.7715687155723572
['RAID/train/raid5-fix//P_258.png'];1.0;0.9977315068244934
['RAID/train/raid5-fix//N_1029.png'];0.0;0.002006406430155039
['RAID/train/raid5-fix//N_1724.png'];0.0;0.49117404222488403
['RAID/train/raid5-fix//N_876.png'];0.0;0.005825469270348549
['RAID/train/raid5-fix//P_370.png'];1.0;0.9999954700469971
['RAID/train/raid5-fix//N_656.png'];0.0;0.9997201561927795
['RAID/train/raid5-fix//N_285.png'];0.0;0.996995210647583
['RAID/train/raid5-fix//P_415.png'];1.0;0.5776857137680054
['RAID/train/raid5-fix//N_1457.png'];0.0;0.0008730286499485373
['RAID/train/raid5-fix//P_390.png'];1.0;0.9961650371551514
['RAID/train/raid5-fix//N_1317.png'];0.0;0.002182641765102744
['RAID/train/raid5-fix//P_143.png'];1.0;0.9979294538497925
['RAID/train/raid5-fix//N_1613.png'];0.0;0.013212927617132664
['RAID/train/raid5-fix//N_1660.png'];0.0;0.002683888887986541
['RAID/train/raid5-fix//P_276.png'];1.0;0.9998206496238708
['RAID/train/raid5-fix//N_1052.png'];0.0;0.008059337735176086
['RAID/train/raid5-fix//N_1686.png'];0.0;0.20301571488380432
['RAID/train/raid5-fix//N_1794.png'];0.0;0.0017182431183755398
['RAID/train/raid5-fix//P_432.png'];1.0;0.9999290704727173
['RAID/train/raid5-fix//N_1730.png'];0.0;0.048325397074222565
['RAID/train/raid5-fix//N_1116.png'];0.0;0.003147093579173088
['RAID/train/raid5-fix//P_491.png'];1.0;0.9994831085205078
['RAID/train/raid5-fix//N_1684.png'];0.0;0.02705533429980278
['RAID/train/raid5-fix//P_788.png'];1.0;0.9849956631660461
['RAID/train/raid5-fix//N_1004.png'];0.0;0.996405839920044
['RAID/train/raid5-fix//N_75.png'];0.0;0.9924184083938599
['RAID/train/raid5-fix//P_79.png'];1.0;0.9994581341743469
['RAID/train/raid5-fix//N_1252.png'];0.0;0.0012372584315016866
['RAID/train/raid5-fix//P_621.png'];1.0;0.9883500337600708
['RAID/train/raid5-fix//N_1597.png'];0.0;0.014674503356218338
['RAID/train/raid5-fix//N_1774.png'];0.0;0.008566657081246376
['RAID/train/raid5-fix//N_989.png'];0.0;0.10914161801338196
['RAID/train/raid5-fix//P_376.png'];1.0;0.9923484325408936
['RAID/train/raid5-fix//N_1221.png'];0.0;0.17818598449230194
['RAID/train/raid5-fix//N_1576.png'];0.0;0.011304887011647224
['RAID/train/raid5-fix//N_1168.png'];0.0;0.1039649173617363
['RAID/train/raid5-fix//P_663.png'];1.0;0.9908197522163391
['RAID/train/raid5-fix//P_667.png'];1.0;0.7475045323371887
['RAID/train/raid5-fix//P_191.png'];1.0;0.9997966885566711
['RAID/train/raid5-fix//N_856.png'];0.0;0.0001945083640748635
['RAID/train/raid5-fix//P_592.png'];1.0;0.9998453855514526
['RAID/train/raid5-fix//P_98.png'];1.0;0.9996496438980103
['RAID/train/raid5-fix//N_1812.png'];0.0;0.029618291184306145
['RAID/train/raid5-fix//P_341.png'];1.0;0.9999438524246216
['RAID/train/raid5-fix//N_1080.png'];0.0;0.005576388910412788
['RAID/train/raid5-fix//P_508.png'];1.0;0.9998559951782227
['RAID/train/raid5-fix//P_22.png'];1.0;0.9998272061347961
['RAID/train/raid5-fix//N_1834.png'];0.0;0.0008812151500023901
['RAID/train/raid5-fix//P_439.png'];1.0;0.8954159617424011
['RAID/train/raid5-fix//N_1009.png'];0.0;0.015790769830346107
['RAID/train/raid5-fix//P_651.png'];1.0;0.8861373662948608
['RAID/train/raid5-fix//N_1280.png'];0.0;0.010937770828604698
['RAID/train/raid5-fix//P_535.png'];1.0;0.9996811151504517
['RAID/train/raid5-fix//P_482.png'];1.0;0.9997602105140686
['RAID/train/raid5-fix//N_766.png'];0.0;0.9804602265357971
['RAID/train/raid5-fix//N_1856.png'];0.0;0.0026530418545007706
['RAID/train/raid5-fix//N_1284.png'];0.0;0.0060162972658872604
['RAID/train/raid5-fix//P_619.png'];1.0;0.9304401278495789
['RAID/train/raid5-fix//P_334.png'];1.0;0.9884122014045715
['RAID/train/raid5-fix//P_479.png'];1.0;0.9996516704559326
['RAID/train/raid5-fix//N_1704.png'];0.0;0.0899084284901619
['RAID/train/raid5-fix//N_1485.png'];0.0;0.00015996239380910993
['RAID/train/raid5-fix//P_531.png'];1.0;0.970840573310852
['RAID/train/raid5-fix//P_202.png'];1.0;0.9653646945953369
['RAID/train/raid5-fix//N_1479.png'];0.0;0.00047081406228244305
['RAID/train/raid5-fix//N_957.png'];0.0;0.013913464732468128
['RAID/train/raid5-fix//N_961.png'];0.0;0.010789452120661736
['RAID/train/raid5-fix//P_58.png'];1.0;0.7701702117919922
['RAID/train/raid5-fix//P_278.png'];1.0;0.892457902431488
['RAID/train/raid5-fix//P_426.png'];1.0;0.9999978542327881
['RAID/train/raid5-fix//N_864.png'];0.0;0.0016119098290801048
['RAID/train/raid5-fix//P_629.png'];1.0;0.9905338287353516
['RAID/train/raid5-fix//P_243.png'];1.0;0.9993732571601868
['RAID/train/raid5-fix//P_82.png'];1.0;0.9799869656562805
['RAID/train/raid5-fix//P_520.png'];1.0;0.9995765089988708
['RAID/train/raid5-fix//N_1654.png'];0.0;0.06415920704603195
['RAID/train/raid5-fix//N_1218.png'];0.0;0.003444479778409004
['RAID/train/raid5-fix//P_676.png'];1.0;0.9996562004089355
['RAID/train/raid5-fix//N_1109.png'];0.0;0.0034124432131648064
['RAID/train/raid5-fix//P_772.png'];1.0;0.9898793697357178
['RAID/train/raid5-fix//P_522.png'];1.0;0.9987782835960388
['RAID/train/raid5-fix//N_177.png'];0.0;0.9985674619674683
['RAID/train/raid5-fix//P_91.png'];1.0;0.9889260530471802
['RAID/train/raid5-fix//N_821.png'];0.0;0.019993560388684273
['RAID/train/raid5-fix//N_1097.png'];0.0;0.029531532898545265
['RAID/train/raid5-fix//P_348.png'];1.0;0.9998173117637634
['RAID/train/raid5-fix//N_1154.png'];0.0;0.010809318162500858
['RAID/train/raid5-fix//N_1764.png'];0.0;0.00039366824785247445
['RAID/train/raid5-fix//P_54.png'];1.0;0.9997962117195129
['RAID/train/raid5-fix//N_1649.png'];0.0;0.001271668472327292
['RAID/train/raid5-fix//N_1041.png'];0.0;0.0044608330354094505
['RAID/train/raid5-fix//P_480.png'];1.0;0.9920154809951782
['RAID/train/raid5-fix//N_1415.png'];0.0;0.010231977328658104
['RAID/train/raid5-fix//N_1344.png'];0.0;0.012701421044766903
['RAID/train/raid5-fix//P_267.png'];1.0;0.999843955039978
['RAID/train/raid5-fix//N_1068.png'];0.0;0.5844407081604004
['RAID/train/raid5-fix//N_968.png'];0.0;0.0032138710375875235
['RAID/train/raid5-fix//N_11.png'];0.0;0.9793648719787598
['RAID/train/raid5-fix//N_1753.png'];0.0;0.000205294243642129
['RAID/train/raid5-fix//P_540.png'];1.0;0.9985151886940002
['RAID/train/raid5-fix//P_713.png'];1.0;0.999600350856781
['RAID/train/raid5-fix//N_1537.png'];0.0;0.004542735870927572
['RAID/train/raid5-fix//N_1865.png'];0.0;0.0001328460784861818
['RAID/train/raid5-fix//P_269.png'];1.0;0.9984039664268494
['RAID/train/raid5-fix//N_820.png'];0.0;0.0006448295316658914
['RAID/train/raid5-fix//N_1423.png'];0.0;0.00802256353199482
['RAID/train/raid5-fix//N_1458.png'];0.0;0.016522187739610672
['RAID/train/raid5-fix//N_942.png'];0.0;0.00462006451562047
['RAID/train/raid5-fix//N_716.png'];0.0;0.9991816878318787
['RAID/train/raid5-fix//P_325.png'];1.0;0.9709451794624329
['RAID/train/raid5-fix//N_1143.png'];0.0;0.005632828455418348
['RAID/train/raid5-fix//N_1412.png'];0.0;0.000990537228062749
['RAID/train/raid5-fix//P_446.png'];1.0;0.9999104738235474
['RAID/train/raid5-fix//N_1596.png'];0.0;0.0409761443734169
['RAID/train/raid5-fix//N_1738.png'];0.0;0.10158215463161469
['RAID/train/raid5-fix//P_344.png'];1.0;0.9713227152824402
['RAID/train/raid5-fix//N_1553.png'];0.0;0.011097156442701817
['RAID/train/raid5-fix//N_1656.png'];0.0;0.005639822222292423
['RAID/train/raid5-fix//N_1628.png'];0.0;0.00027953533572144806
['RAID/train/raid5-fix//N_1403.png'];0.0;0.0005629985826089978
['RAID/train/raid5-fix//N_1107.png'];0.0;0.00048469402827322483
['RAID/train/raid5-fix//N_1390.png'];0.0;0.06658733636140823
['RAID/train/raid5-fix//P_262.png'];1.0;0.999984622001648
['RAID/train/raid5-fix//N_1455.png'];0.0;0.04019123315811157
['RAID/train/raid5-fix//P_295.png'];1.0;0.9999912977218628
['RAID/train/raid5-fix//N_1098.png'];0.0;0.0008940374827943742
['RAID/train/raid5-fix//P_435.png'];1.0;0.9999730587005615
['RAID/train/raid5-fix//N_1638.png'];0.0;0.006904896814376116
['RAID/train/raid5-fix//P_516.png'];1.0;0.9962432384490967
['RAID/train/raid5-fix//P_168.png'];1.0;0.9559391736984253
['RAID/train/raid5-fix//N_1167.png'];0.0;0.006281107198446989
['RAID/train/raid5-fix//N_1551.png'];0.0;0.04652663692831993
['RAID/train/raid5-fix//N_905.png'];0.0;0.006256185472011566
['RAID/train/raid5-fix//N_1384.png'];0.0;0.015035459771752357
['RAID/train/raid5-fix//N_274.png'];0.0;0.313890665769577
['RAID/train/raid5-fix//N_1133.png'];0.0;0.010399069637060165
['RAID/train/raid5-fix//P_740.png'];1.0;0.862693190574646
['RAID/train/raid5-fix//N_898.png'];0.0;0.0007703442242927849
['RAID/train/raid5-fix//N_1151.png'];0.0;0.04719368368387222
['RAID/train/raid5-fix//P_478.png'];1.0;0.9998856782913208
['RAID/train/raid5-fix//N_1399.png'];0.0;0.003011402441188693
['RAID/train/raid5-fix//P_525.png'];1.0;0.9991439580917358
['RAID/train/raid5-fix//P_134.png'];1.0;0.8226567506790161
['RAID/train/raid5-fix//P_574.png'];1.0;0.999946117401123
['RAID/train/raid5-fix//P_138.png'];1.0;0.9975172281265259
['RAID/train/raid5-fix//N_945.png'];0.0;0.031244227662682533
['RAID/train/raid5-fix//N_1175.png'];0.0;0.004077863413840532
['RAID/train/raid5-fix//N_1383.png'];0.0;0.006721113808453083
['RAID/train/raid5-fix//P_524.png'];1.0;0.9559881687164307
['RAID/train/raid5-fix//N_1605.png'];0.0;0.004321719985455275
['RAID/train/raid5-fix//N_1301.png'];0.0;0.021784143522381783
['RAID/train/raid5-fix//N_251.png'];0.0;0.9844834208488464
['RAID/train/raid5-fix//N_1161.png'];0.0;0.01192900724709034
['RAID/train/raid5-fix//N_897.png'];0.0;0.0010538874194025993
['RAID/train/raid5-fix//N_1148.png'];0.0;0.0008005408453755081
['RAID/train/raid5-fix//P_754.png'];1.0;0.9998101592063904
['RAID/train/raid5-fix//N_814.png'];0.0;0.1327245980501175
['RAID/train/raid5-fix//N_1832.png'];0.0;0.07747122645378113
['RAID/train/raid5-fix//N_1658.png'];0.0;0.09658494591712952
['RAID/train/raid5-fix//N_1559.png'];0.0;0.001938824076205492
['RAID/train/raid5-fix//N_108.png'];0.0;0.9901401400566101
['RAID/train/raid5-fix//N_963.png'];0.0;0.06163002923130989
['RAID/train/raid5-fix//P_626.png'];1.0;0.9976404905319214
['RAID/train/raid5-fix//N_1157.png'];0.0;0.002991307992488146
['RAID/train/raid5-fix//P_103.png'];1.0;0.9955156445503235
['RAID/train/raid5-fix//P_83.png'];1.0;0.9942330718040466
['RAID/train/raid5-fix//N_846.png'];0.0;0.008402256295084953
['RAID/train/raid5-fix//N_1857.png'];0.0;0.16608159244060516
['RAID/train/raid5-fix//N_969.png'];0.0;0.009775111451745033
['RAID/train/raid5-fix//N_1829.png'];0.0;0.012559294700622559
['RAID/train/raid5-fix//P_608.png'];1.0;0.9733996391296387
['RAID/train/raid5-fix//P_379.png'];1.0;0.9996010661125183
['RAID/train/raid5-fix//N_1855.png'];0.0;0.003356402739882469
['RAID/train/raid5-fix//N_1540.png'];0.0;0.0002724438381846994
['RAID/train/raid5-fix//N_1054.png'];0.0;0.0005200360319577157
['RAID/train/raid5-fix//N_1867.png'];0.0;0.0011771455174311996
['RAID/train/raid5-fix//N_1813.png'];0.0;0.005606505088508129
['RAID/train/raid5-fix//N_1609.png'];0.0;0.0005660706665366888
['RAID/train/raid5-fix//P_425.png'];1.0;0.9999916553497314
['RAID/train/raid5-fix//N_66.png'];0.0;0.9395705461502075
['RAID/train/raid5-fix//N_868.png'];0.0;0.0029541882686316967
['RAID/train/raid5-fix//P_598.png'];1.0;0.8995634317398071
['RAID/train/raid5-fix//N_1580.png'];0.0;0.012132239528000355
['RAID/train/raid5-fix//P_436.png'];1.0;0.9663291573524475
['RAID/train/raid5-fix//N_1557.png'];0.0;0.0005524046719074249
['RAID/train/raid5-fix//P_406.png'];1.0;0.9995691180229187
['RAID/train/raid5-fix//N_1634.png'];0.0;0.012725410051643848
['RAID/train/raid5-fix//N_1338.png'];0.0;0.0002723108627833426
['RAID/train/raid5-fix//P_50.png'];1.0;0.9980292916297913
['RAID/train/raid5-fix//N_29.png'];0.0;0.9257627725601196
['RAID/train/raid5-fix//P_494.png'];1.0;0.9774921536445618
['RAID/train/raid5-fix//P_624.png'];1.0;0.9949710369110107
['RAID/train/raid5-fix//N_1594.png'];0.0;0.018386714160442352
['RAID/train/raid5-fix//N_1249.png'];0.0;0.03776124119758606
['RAID/train/raid5-fix//P_762.png'];1.0;0.9674038887023926
['RAID/train/raid5-fix//P_350.png'];1.0;0.9953325390815735
['RAID/train/raid5-fix//N_1762.png'];0.0;0.0014285810757428408
['RAID/train/raid5-fix//P_12.png'];1.0;0.9998644590377808
['RAID/train/raid5-fix//P_655.png'];1.0;0.999982476234436
['RAID/train/raid5-fix//P_64.png'];1.0;0.9997764229774475
['RAID/train/raid5-fix//N_1353.png'];0.0;0.003880465403199196
['RAID/train/raid5-fix//N_1642.png'];0.0;0.29192450642585754
['RAID/train/raid5-fix//P_76.png'];1.0;0.9995357990264893
['RAID/train/raid5-fix//N_967.png'];0.0;0.0017302640480920672
['RAID/train/raid5-fix//P_139.png'];1.0;0.9992660880088806
['RAID/train/raid5-fix//N_1864.png'];0.0;0.003097574459388852
['RAID/train/raid5-fix//P_760.png'];1.0;0.9967237114906311
['RAID/train/raid5-fix//P_112.png'];1.0;0.9987037181854248
['RAID/train/raid5-fix//P_141.png'];1.0;0.990725576877594
['RAID/train/raid5-fix//N_1282.png'];0.0;0.0298832505941391
['RAID/train/raid5-fix//N_1273.png'];0.0;0.0018358381930738688
['RAID/train/raid5-fix//N_1072.png'];0.0;0.008552930317819118
['RAID/train/raid5-fix//N_688.png'];0.0;0.7103577852249146
['RAID/train/raid5-fix//P_176.png'];1.0;0.9657242298126221
['RAID/train/raid5-fix//N_179.png'];0.0;0.8611963391304016
['RAID/train/raid5-fix//P_546.png'];1.0;0.9985418319702148
['RAID/train/raid5-fix//N_1394.png'];0.0;0.0022029150277376175
['RAID/train/raid5-fix//N_1368.png'];0.0;0.00677831657230854
['RAID/train/raid5-fix//N_1064.png'];0.0;0.004457875620573759
['RAID/train/raid5-fix//N_1213.png'];0.0;0.0011321526253595948
['RAID/train/raid5-fix//N_1418.png'];0.0;0.0025029333774000406
['RAID/train/raid5-fix//P_521.png'];1.0;0.9617308378219604
['RAID/train/raid5-fix//N_1014.png'];0.0;0.41989758610725403
['RAID/train/raid5-fix//N_1575.png'];0.0;0.004300041124224663
['RAID/train/raid5-fix//N_1816.png'];0.0;0.004484099801629782
['RAID/train/raid5-fix//N_1735.png'];0.0;0.007030891254544258
['RAID/train/raid5-fix//P_565.png'];1.0;0.9997934699058533
['RAID/train/raid5-fix//P_156.png'];1.0;0.9990108013153076
['RAID/train/raid5-fix//P_403.png'];1.0;0.9932742118835449
['RAID/train/raid5-fix//N_931.png'];0.0;0.001087105250917375
['RAID/train/raid5-fix//P_124.png'];1.0;0.9882227778434753
['RAID/train/raid5-fix//P_642.png'];1.0;0.9999635219573975
['RAID/train/raid5-fix//N_1720.png'];0.0;0.008189389482140541
['RAID/train/raid5-fix//P_56.png'];1.0;0.946260392665863
['RAID/train/raid5-fix//N_1481.png'];0.0;0.0006391064380295575
['RAID/train/raid5-fix//N_1360.png'];0.0;0.00037610455183312297
['RAID/train/raid5-fix//N_1659.png'];0.0;0.014829043298959732
['RAID/train/raid5-fix//P_199.png'];1.0;0.9863568544387817
['RAID/train/raid5-fix//N_1411.png'];0.0;0.0113990418612957
['RAID/train/raid5-fix//P_757.png'];1.0;0.9971948862075806
['RAID/train/raid5-fix//P_543.png'];1.0;0.9998059868812561
['RAID/train/raid5-fix//N_1710.png'];0.0;0.0070338742807507515
['RAID/train/raid5-fix//N_1323.png'];0.0;0.009593102149665356
['RAID/train/raid5-fix//P_131.png'];1.0;0.36556708812713623
['RAID/train/raid5-fix//P_647.png'];1.0;0.9990930557250977
['RAID/train/raid5-fix//P_732.png'];1.0;0.9989596605300903
['RAID/train/raid5-fix//P_484.png'];1.0;0.8483713865280151
['RAID/train/raid5-fix//N_1046.png'];0.0;0.0014322214992716908
['RAID/train/raid5-fix//P_771.png'];1.0;0.9999998807907104
['RAID/train/raid5-fix//P_375.png'];1.0;0.9999833106994629
['RAID/train/raid5-fix//P_182.png'];1.0;0.9797835350036621
['RAID/train/raid5-fix//N_1044.png'];0.0;0.0164741612970829
['RAID/train/raid5-fix//N_1174.png'];0.0;0.0018314184853807092
['RAID/train/raid5-fix//P_163.png'];1.0;0.9388731122016907
['RAID/train/raid5-fix//N_768.png'];0.0;0.9955229759216309
['RAID/train/raid5-fix//N_1407.png'];0.0;0.005343549884855747
['RAID/train/raid5-fix//N_1370.png'];0.0;0.00016732263611629605
['RAID/train/raid5-fix//P_537.png'];1.0;0.9991604089736938
['RAID/train/raid5-fix//P_239.png'];1.0;0.864888072013855
['RAID/train/raid5-fix//N_1749.png'];0.0;0.016629016026854515
['RAID/train/raid5-fix//P_470.png'];1.0;0.9991697072982788
['RAID/train/raid5-fix//N_17.png'];0.0;0.8936736583709717
['RAID/train/raid5-fix//P_541.png'];1.0;0.9999182224273682
['RAID/train/raid5-fix//N_1105.png'];0.0;0.24833278357982635
['RAID/train/raid5-fix//N_1281.png'];0.0;0.011736075393855572
['RAID/train/raid5-fix//P_709.png'];1.0;0.9993516802787781
['RAID/train/raid5-fix//N_1066.png'];0.0;0.01345521118491888
['RAID/train/raid5-fix//N_955.png'];0.0;0.01785755157470703
['RAID/train/raid5-fix//N_1473.png'];0.0;0.012417890131473541
['RAID/train/raid5-fix//P_292.png'];1.0;0.9660730957984924
['RAID/train/raid5-fix//N_1089.png'];0.0;0.034514036029577255
['RAID/train/raid5-fix//N_1815.png'];0.0;0.001151390839368105
['RAID/train/raid5-fix//N_1269.png'];0.0;0.014814511872828007
['RAID/train/raid5-fix//P_339.png'];1.0;0.8728795051574707
['RAID/train/raid5-fix//P_549.png'];1.0;0.9999032020568848
['RAID/train/raid5-fix//P_65.png'];1.0;0.999854326248169
['RAID/train/raid5-fix//N_1854.png'];0.0;0.0017511018086224794
['RAID/train/raid5-fix//N_1405.png'];0.0;0.0018733516335487366
['RAID/train/raid5-fix//P_118.png'];1.0;0.9999303817749023
['RAID/train/raid5-fix//P_263.png'];1.0;0.9840686917304993
['RAID/train/raid5-fix//N_1147.png'];0.0;0.0028242210391908884
['RAID/train/raid5-fix//P_615.png'];1.0;0.9993371367454529
['RAID/train/raid5-fix//N_1145.png'];0.0;0.005607993807643652
['RAID/train/raid5-fix//N_175.png'];0.0;0.9942002296447754
['RAID/train/raid5-fix//P_460.png'];1.0;0.9875659942626953
['RAID/train/raid5-fix//N_1322.png'];0.0;0.1555473655462265
['RAID/train/raid5-fix//N_1600.png'];0.0;0.025040149688720703
['RAID/train/raid5-fix//N_1193.png'];0.0;0.018749048933386803
['RAID/train/raid5-fix//N_1021.png'];0.0;0.00010117208148585632
['RAID/train/raid5-fix//P_796.png'];1.0;0.996987521648407
['RAID/train/raid5-fix//P_86.png'];1.0;0.9981988072395325
['RAID/train/raid5-fix//P_397.png'];1.0;0.9998743534088135
['RAID/train/raid5-fix//N_1673.png'];0.0;0.0017126706661656499
['RAID/train/raid5-fix//N_1814.png'];0.0;0.007595888804644346
['RAID/train/raid5-fix//N_1428.png'];0.0;0.03704964369535446
['RAID/train/raid5-fix//P_387.png'];1.0;0.9787701368331909
['RAID/train/raid5-fix//N_1498.png'];0.0;0.004287978168576956
['RAID/train/raid5-fix//N_1131.png'];0.0;0.015094433911144733
['RAID/train/raid5-fix//N_913.png'];0.0;0.0025414929259568453
['RAID/train/raid5-fix//P_682.png'];1.0;0.9980323910713196
['RAID/train/raid5-fix//N_1372.png'];0.0;0.02347775548696518
['RAID/train/raid5-fix//N_1027.png'];0.0;0.007413350977003574
['RAID/train/raid5-fix//N_997.png'];0.0;0.0010422475170344114
['RAID/train/raid5-fix//N_1439.png'];0.0;0.0001978119253180921
['RAID/train/raid5-fix//P_700.png'];1.0;0.987569272518158
['RAID/train/raid5-fix//P_596.png'];1.0;0.9957231283187866
['RAID/train/raid5-fix//N_815.png'];0.0;0.021000061184167862
['RAID/train/raid5-fix//N_1138.png'];0.0;0.0009160940535366535
['RAID/train/raid5-fix//N_1610.png'];0.0;0.02743280865252018
['RAID/train/raid5-fix//N_1721.png'];0.0;0.014927088283002377
['RAID/train/raid5-fix//N_1149.png'];0.0;0.0011529856128618121
['RAID/train/raid5-fix//N_1191.png'];0.0;0.0002914867363870144
['RAID/train/raid5-fix//N_1584.png'];0.0;0.054560188204050064
['RAID/train/raid5-fix//N_1195.png'];0.0;0.01697615720331669
['RAID/train/raid5-fix//N_1087.png'];0.0;0.00956374779343605
['RAID/train/raid5-fix//P_71.png'];1.0;0.9945898056030273
['RAID/train/raid5-fix//N_20.png'];0.0;0.9347793459892273
['RAID/train/raid5-fix//N_1454.png'];0.0;0.004536837805062532
['RAID/train/raid5-fix//N_1409.png'];0.0;0.00037119234912097454
['RAID/train/raid5-fix//P_254.png'];1.0;0.9972217082977295
['RAID/train/raid5-fix//N_1464.png'];0.0;0.01337383408099413
['RAID/train/raid5-fix//N_1567.png'];0.0;0.005445466376841068
['RAID/train/raid5-fix//N_1226.png'];0.0;0.0010444242507219315
['RAID/train/raid5-fix//N_1020.png'];0.0;0.012006615288555622
['RAID/train/raid5-fix//N_784.png'];0.0;0.9675772190093994
['RAID/train/raid5-fix//N_1452.png'];0.0;0.00023571339261252433
['RAID/train/raid5-fix//N_1472.png'];0.0;0.027694586664438248
['RAID/train/raid5-fix//N_1747.png'];0.0;0.01040433719754219
['RAID/train/raid5-fix//P_364.png'];1.0;0.999377429485321
['RAID/train/raid5-fix//P_183.png'];1.0;0.9840659499168396
['RAID/train/raid5-fix//P_284.png'];1.0;0.9971701502799988
['RAID/train/raid5-fix//P_783.png'];1.0;0.9997703433036804
['RAID/train/raid5-fix//P_557.png'];1.0;0.9638484120368958
['RAID/train/raid5-fix//N_1732.png'];0.0;0.2706678509712219
['RAID/train/raid5-fix//P_195.png'];1.0;0.8108722567558289
['RAID/train/raid5-fix//P_48.png'];1.0;0.9999966621398926
['RAID/train/raid5-fix//N_1869.png'];0.0;0.02732636220753193
['RAID/train/raid5-fix//P_117.png'];1.0;0.9963700771331787
['RAID/train/raid5-fix//N_1416.png'];0.0;0.15088175237178802
['RAID/train/raid5-fix//N_1396.png'];0.0;0.12576396763324738
['RAID/train/raid5-fix//N_1247.png'];0.0;0.009521396830677986
['RAID/train/raid5-fix//P_777.png'];1.0;0.988150954246521
['RAID/train/raid5-fix//P_240.png'];1.0;0.9979548454284668
['RAID/train/raid5-fix//P_144.png'];1.0;0.9097639918327332
['RAID/train/raid5-fix//N_1488.png'];0.0;0.004435868468135595
['RAID/train/raid5-fix//N_1153.png'];0.0;0.002724825870245695
['RAID/train/raid5-fix//P_35.png'];1.0;0.9983382225036621
['RAID/train/raid5-fix//P_354.png'];1.0;0.9995028972625732
['RAID/train/raid5-fix//P_440.png'];1.0;0.984666109085083
['RAID/train/raid5-fix//N_1162.png'];0.0;0.03379528969526291
['RAID/train/raid5-fix//N_1476.png'];0.0;0.008813416585326195
['RAID/train/raid5-fix//P_228.png'];1.0;0.9997149109840393
['RAID/train/raid5-fix//P_127.png'];1.0;0.9092984199523926
['RAID/train/raid5-fix//N_823.png'];0.0;0.11176010221242905
['RAID/train/raid5-fix//N_1750.png'];0.0;0.003930341452360153
['RAID/train/raid5-fix//P_385.png'];1.0;0.9999128580093384
['RAID/train/raid5-fix//N_1288.png'];0.0;0.007718109991401434
['RAID/train/raid5-fix//N_1345.png'];0.0;0.012916812673211098
['RAID/train/raid5-fix//P_21.png'];1.0;0.998335063457489
['RAID/train/raid5-fix//P_261.png'];1.0;0.9994499087333679
['RAID/train/raid5-fix//P_801.png'];1.0;0.9817206859588623
['RAID/train/raid5-fix//N_1810.png'];0.0;0.003448331728577614
['RAID/train/raid5-fix//P_209.png'];1.0;0.9955045580863953
['RAID/train/raid5-fix//P_600.png'];1.0;0.9976671934127808
['RAID/train/raid5-fix//P_472.png'];1.0;0.9994827508926392
['RAID/train/raid5-fix//N_860.png'];0.0;0.0052162641659379005
['RAID/train/raid5-fix//N_1467.png'];0.0;0.035157978534698486
['RAID/train/raid5-fix//N_1701.png'];0.0;0.002830329816788435
['RAID/train/raid5-fix//P_443.png'];1.0;0.9999619722366333
['RAID/train/raid5-fix//P_338.png'];1.0;0.8982803225517273
['RAID/train/raid5-fix//N_1442.png'];0.0;0.013867964968085289
['RAID/train/raid5-fix//N_1746.png'];0.0;0.0011050243629142642
['RAID/train/raid5-fix//N_1785.png'];0.0;0.041998185217380524
['RAID/train/raid5-fix//N_1022.png'];0.0;0.0003710216551553458
['RAID/train/raid5-fix//P_13.png'];1.0;0.9873476028442383
['RAID/train/raid5-fix//N_1424.png'];0.0;0.019962990656495094
['RAID/train/raid5-fix//N_1779.png'];0.0;0.005783253349363804
['RAID/train/raid5-fix//P_33.png'];1.0;0.9716697931289673
['RAID/train/raid5-fix//N_910.png'];0.0;0.009731898084282875
['RAID/train/raid5-fix//P_683.png'];1.0;0.9978777170181274
['RAID/train/raid5-fix//N_933.png'];0.0;0.00013798975851386786
['RAID/train/raid5-fix//P_448.png'];1.0;0.9945053458213806
['RAID/train/raid5-fix//N_1200.png'];0.0;0.00499016884714365
['RAID/train/raid5-fix//N_1529.png'];0.0;0.0021323247347027063
['RAID/train/raid5-fix//P_164.png'];1.0;0.9993495345115662
['RAID/train/raid5-fix//P_373.png'];1.0;0.9971497654914856
['RAID/train/raid5-fix//P_383.png'];1.0;0.9382811784744263
['RAID/train/raid5-fix//P_153.png'];1.0;0.9799464344978333
['RAID/train/raid5-fix//P_237.png'];1.0;0.9918649792671204
['RAID/train/raid5-fix//N_739.png'];0.0;0.8091453909873962
['RAID/train/raid5-fix//N_1342.png'];0.0;0.2170906662940979
['RAID/train/raid5-fix//N_914.png'];0.0;0.023249737918376923
['RAID/train/raid5-fix//P_454.png'];1.0;0.584743320941925
['RAID/train/raid5-fix//N_1391.png'];0.0;0.0004612740012817085
['RAID/train/raid5-fix//N_1703.png'];0.0;0.069407619535923
['RAID/train/raid5-fix//N_1444.png'];0.0;0.005214490462094545
['RAID/train/raid5-fix//P_378.png'];1.0;0.8867149353027344
['RAID/train/raid5-fix//N_1569.png'];0.0;0.006971227936446667
['RAID/train/raid5-fix//N_1212.png'];0.0;0.005793598480522633
['RAID/train/raid5-fix//P_699.png'];1.0;0.997055172920227
['RAID/train/raid5-fix//N_1578.png'];0.0;0.08239006251096725
['RAID/train/raid5-fix//P_502.png'];1.0;0.9997627139091492
['RAID/train/raid5-fix//N_1614.png'];0.0;0.001602809876203537
['RAID/train/raid5-fix//N_990.png'];0.0;0.00301962997764349
['RAID/train/raid5-fix//P_509.png'];1.0;0.9999260902404785
['RAID/train/raid5-fix//P_145.png'];1.0;0.9906339645385742
['RAID/train/raid5-fix//N_1321.png'];0.0;7.626986916875467e-05
['RAID/train/raid5-fix//N_1499.png'];0.0;0.0004151885223109275
['RAID/train/raid5-fix//N_1400.png'];0.0;0.01225042250007391
['RAID/train/raid5-fix//P_687.png'];1.0;0.8501237630844116
['RAID/train/raid5-fix//P_133.png'];1.0;0.9867966175079346
['RAID/train/raid5-fix//N_1835.png'];0.0;0.22579951584339142
['RAID/train/raid5-fix//N_238.png'];0.0;0.9993717074394226
['RAID/train/raid5-fix//P_797.png'];1.0;0.9970250725746155
['RAID/train/raid5-fix//N_473.png'];0.0;0.9970521926879883
['RAID/train/raid5-fix//N_1713.png'];0.0;0.006533226929605007
['RAID/train/raid5-fix//P_194.png'];1.0;0.9992403984069824
['RAID/train/raid5-fix//N_1860.png'];0.0;0.37376025319099426
['RAID/train/raid5-fix//N_488.png'];0.0;0.9652078747749329
['RAID/train/raid5-fix//P_551.png'];1.0;0.9920777678489685
['RAID/train/raid5-fix//N_1003.png'];0.0;0.9889565110206604
['RAID/train/raid5-fix//N_1237.png'];0.0;0.01692264713346958
['RAID/train/raid5-fix//P_547.png'];1.0;0.999108612537384
['RAID/train/raid5-fix//P_444.png'];1.0;0.9999998807907104
['RAID/train/raid5-fix//N_1490.png'];0.0;0.006446337327361107
['RAID/train/raid5-fix//P_684.png'];1.0;0.9963453412055969
['RAID/train/raid5-fix//N_952.png'];0.0;0.009935494512319565
['RAID/train/raid5-fix//N_1523.png'];0.0;0.022313101217150688
['RAID/train/raid5-fix//P_405.png'];1.0;0.9818180203437805
['RAID/train/raid5-fix//N_1802.png'];0.0;0.027374552562832832
['RAID/train/raid5-fix//N_1441.png'];0.0;0.0017845315160229802
['RAID/train/raid5-fix//P_555.png'];1.0;0.9994192123413086
['RAID/train/raid5-fix//N_837.png'];0.0;0.0477757602930069
['RAID/train/raid5-fix//P_455.png'];1.0;0.9991590976715088
['RAID/train/raid5-fix//N_998.png'];0.0;0.014598977752029896
['RAID/train/raid5-fix//N_907.png'];0.0;0.09133517742156982
['RAID/train/raid5-fix//P_774.png'];1.0;0.9852936863899231
['RAID/train/raid5-fix//N_1254.png'];0.0;0.010697457008063793
['RAID/train/raid5-fix//N_1486.png'];0.0;0.005580010358244181
['RAID/train/raid5-fix//N_1216.png'];0.0;0.017995132133364677
['RAID/train/raid5-fix//N_1236.png'];0.0;0.0007379230810329318
['RAID/train/raid5-fix//P_229.png'];1.0;0.9797781705856323
['RAID/train/raid5-fix//N_1164.png'];0.0;0.01314197201281786
['RAID/train/raid5-fix//N_1303.png'];0.0;0.004517252556979656
['RAID/train/raid5-fix//N_1863.png'];0.0;0.006093786563724279
['RAID/train/raid5-fix//N_1340.png'];0.0;0.10220237076282501
['RAID/train/raid5-fix//P_640.png'];1.0;0.9789571166038513
['RAID/train/raid5-fix//P_698.png'];1.0;0.9989508390426636
['RAID/train/raid5-fix//N_1293.png'];0.0;0.004357060417532921
['RAID/train/raid5-fix//N_1069.png'];0.0;0.0001835173461586237
['RAID/train/raid5-fix//P_232.png'];1.0;0.9994428753852844
['RAID/train/raid5-fix//P_720.png'];1.0;0.9950226545333862
['RAID/train/raid5-fix//N_1737.png'];0.0;0.02169477380812168
['RAID/train/raid5-fix//P_135.png'];1.0;0.9950332641601562
['RAID/train/raid5-fix//P_218.png'];1.0;0.9501292109489441
['RAID/train/raid5-fix//P_591.png'];1.0;0.9999651908874512
['RAID/train/raid5-fix//N_1587.png'];0.0;0.0020538433454930782
['RAID/train/raid5-fix//N_906.png'];0.0;0.07458721101284027
['RAID/train/raid5-fix//N_921.png'];0.0;0.0020717482548207045
['RAID/train/raid5-fix//N_1134.png'];0.0;0.03434169292449951
['RAID/train/raid5-fix//N_1432.png'];0.0;0.0029449821449816227
['RAID/train/raid5-fix//N_1031.png'];0.0;0.008863757364451885
['RAID/train/raid5-fix//N_1819.png'];0.0;0.0045031229965388775
['RAID/train/raid5-fix//N_92.png'];0.0;0.916875422000885
['RAID/train/raid5-fix//N_1030.png'];0.0;0.010975399054586887
['RAID/train/raid5-fix//P_438.png'];1.0;0.963706910610199
['RAID/train/raid5-fix//N_1367.png'];0.0;0.02736411988735199
['RAID/train/raid5-fix//P_767.png'];1.0;0.979026198387146
['RAID/train/raid5-fix//N_1800.png'];0.0;0.0004933728487230837
['RAID/train/raid5-fix//N_441.png'];0.0;0.7979544401168823
['RAID/train/raid5-fix//N_1310.png'];0.0;0.024798281490802765
['RAID/train/raid5-fix//N_1645.png'];0.0;0.008826213888823986
['RAID/train/raid5-fix//N_1090.png'];0.0;0.021331684663891792
['RAID/train/raid5-fix//P_169.png'];1.0;0.9998838901519775
['RAID/train/raid5-fix//N_1723.png'];0.0;0.0070318072102963924
['RAID/train/raid5-fix//N_839.png'];0.0;0.0008429912268184125
['RAID/train/raid5-fix//N_934.png'];0.0;0.03721094876527786
['RAID/train/raid5-fix//N_1848.png'];0.0;0.02666909247636795
['RAID/train/raid5-fix//P_753.png'];1.0;0.9998619556427002
['RAID/train/raid5-fix//N_1387.png'];0.0;0.00024861167185008526
['RAID/train/raid5-fix//N_859.png'];0.0;0.006042743567377329
['RAID/train/raid5-fix//P_122.png'];1.0;0.9985764026641846
['RAID/train/raid5-fix//P_193.png'];1.0;0.9999738931655884
['RAID/train/raid5-fix//P_410.png'];1.0;0.958358108997345
['RAID/train/raid5-fix//N_1627.png'];0.0;0.0009309473680332303
['RAID/train/raid5-fix//N_1015.png'];0.0;0.016199178993701935
['RAID/train/raid5-fix//P_140.png'];1.0;0.9960247278213501
['RAID/train/raid5-fix//N_1318.png'];0.0;0.004885180853307247
['RAID/train/raid5-fix//P_755.png'];1.0;0.9997310042381287
['RAID/train/raid5-fix//N_1112.png'];0.0;0.003990598954260349
['RAID/train/raid5-fix//N_447.png'];0.0;0.9805405735969543
['RAID/train/raid5-fix//N_1243.png'];0.0;0.00334674259647727
['RAID/train/raid5-fix//P_503.png'];1.0;0.9998204112052917
['RAID/train/raid5-fix//N_1106.png'];0.0;0.00024549305089749396
['RAID/train/raid5-fix//N_1091.png'];0.0;0.02827531471848488
['RAID/train/raid5-fix//N_1759.png'];0.0;0.019029904156923294
['RAID/train/raid5-fix//P_662.png'];1.0;0.9928343296051025
['RAID/train/raid5-fix//N_187.png'];0.0;0.6747101545333862
['RAID/train/raid5-fix//N_1833.png'];0.0;0.0007699889247305691
['RAID/train/raid5-fix//N_892.png'];0.0;0.031996652483940125
['RAID/train/raid5-fix//N_875.png'];0.0;0.14693154394626617
['RAID/train/raid5-fix//P_270.png'];1.0;0.9999822378158569
['RAID/train/raid5-fix//P_496.png'];1.0;0.9923465251922607
['RAID/train/raid5-fix//N_317.png'];0.0;0.9998010993003845
['RAID/train/raid5-fix//N_304.png'];0.0;0.9856336712837219
['RAID/train/raid5-fix//N_1304.png'];0.0;0.0013487469404935837
['RAID/train/raid5-fix//P_349.png'];1.0;0.9991276860237122
['RAID/train/raid5-fix//P_345.png'];1.0;0.6832848191261292
['RAID/train/raid5-fix//N_946.png'];0.0;0.012281347066164017
['RAID/train/raid5-fix//P_566.png'];1.0;0.9993401169776917
['RAID/train/raid5-fix//N_1305.png'];0.0;0.03381747752428055
['RAID/train/raid5-fix//N_633.png'];0.0;0.9525021910667419
['RAID/train/raid5-fix//N_983.png'];0.0;0.013389579951763153
['RAID/train/raid5-fix//N_1754.png'];0.0;0.0028236424550414085
['RAID/train/raid5-fix//N_1139.png'];0.0;0.003258202224969864
['RAID/train/raid5-fix//N_1117.png'];0.0;0.005564888007938862
['RAID/train/raid5-fix//N_273.png'];0.0;0.38675087690353394
['RAID/train/raid5-fix//N_1220.png'];0.0;0.001426567556336522
['RAID/train/raid5-fix//N_1199.png'];0.0;0.03911006823182106
['RAID/train/raid5-fix//N_1712.png'];0.0;0.010036944411695004
['RAID/train/raid5-fix//N_1748.png'];0.0;0.0037044216878712177
['RAID/train/raid5-fix//N_1376.png'];0.0;0.000301722640870139
['RAID/train/raid5-fix//N_1165.png'];0.0;0.0038725535850971937
['RAID/train/raid5-fix//P_764.png'];1.0;0.9999823570251465
['RAID/train/raid5-fix//N_1838.png'];0.0;0.03775220736861229
['RAID/train/raid5-fix//P_109.png'];1.0;0.9789615273475647
['RAID/train/raid5-fix//N_1410.png'];0.0;0.0037244234699755907
['RAID/train/raid5-fix//P_711.png'];1.0;0.8734005689620972
['RAID/train/raid5-fix//P_219.png'];1.0;0.9973880648612976
['RAID/train/raid5-fix//N_1018.png'];0.0;0.004555060528218746
['RAID/train/raid5-fix//P_97.png'];1.0;0.9986209869384766
['RAID/train/raid5-fix//N_1086.png'];0.0;0.013152514584362507
['RAID/train/raid5-fix//N_1122.png'];0.0;0.006853874307125807
['RAID/train/raid5-fix//N_1330.png'];0.0;0.012488693930208683
['RAID/train/raid5-fix//N_1561.png'];0.0;0.002657959470525384
['RAID/train/raid5-fix//N_964.png'];0.0;0.0050551011227071285
['RAID/train/raid5-fix//N_1049.png'];0.0;0.01264877151697874
['RAID/train/raid5-fix//N_1801.png'];0.0;0.026520883664488792
['RAID/train/raid5-fix//N_1696.png'];0.0;0.013073756359517574
['RAID/train/raid5-fix//P_328.png'];1.0;0.9962531328201294
['RAID/train/raid5-fix//P_128.png'];1.0;0.9985297918319702
['RAID/train/raid5-fix//P_70.png'];1.0;0.9938126802444458
['RAID/train/raid5-fix//N_1571.png'];0.0;0.060468900948762894
['RAID/train/raid5-fix//N_1635.png'];0.0;0.012242855504155159
['RAID/train/raid5-fix//P_477.png'];1.0;0.9916661381721497
['RAID/train/raid5-fix//P_763.png'];1.0;0.9999990463256836
['RAID/train/raid5-fix//N_1275.png'];0.0;0.02380136214196682
['RAID/train/raid5-fix//N_1385.png'];0.0;0.06550361216068268
['RAID/train/raid5-fix//N_1849.png'];0.0;0.002002005698159337
['RAID/train/raid5-fix//N_991.png'];0.0;0.005373166874051094
['RAID/train/raid5-fix//N_1238.png'];0.0;0.0056397742591798306
